outcome,removed_run_id,removed_strategy,removed_value,full_F,leave_one_out_F,change_in_F,full_p,leave_one_out_p,change_in_p,full_eta_squared,leave_one_out_eta_squared
hard_expert_pattern_pct,R-20260719-073723-9A82FD86,Performance-Based DDA,33.33333333333333,8.073172036110973,8.109892443360451,0.03672040724947756,0.004030498738803322,0.004359081418183394,0.00032858267938007217,0.3272287731055266,0.3407368447940603
hard_expert_pattern_pct,R-20260719-074245-6E61F985,Skill-Specific DDA,17.073170731707318,8.073172036110973,7.346080700136603,-0.7270913359743707,0.004030498738803322,0.006109841548081676,0.002079342809278354,0.3272287731055266,0.33020818703324123
hard_expert_pattern_pct,R-20260719-084336-9AD97336,Performance-Based DDA,32.5,8.073172036110973,8.060802906649904,-0.01236912946106905,0.004030498738803322,0.0044643036876802974,0.00043380494887697556,0.3272287731055266,0.33763716372502095
hard_expert_pattern_pct,R-20260719-084917-0433BF01,Skill-Specific DDA,35.0,8.073172036110973,8.405552253871168,0.33238021776019444,0.004030498738803322,0.0034582830490545676,-0.0005722156897487543,0.3272287731055266,0.3397411477061139
hard_expert_pattern_pct,R-20260719-085701-11428E75,Fixed Time-Based,30.952380952380953,8.073172036110973,12.084735206731718,4.011563170620745,0.004030498738803322,0.0007861495793371684,-0.0032443491594661535,0.3272287731055266,0.3706812251161228
hard_expert_pattern_pct,R-20260719-090242-3BA5890E,Performance-Based DDA,25.581395348837212,8.073172036110973,7.750205425302822,-0.3229666108081517,0.004030498738803322,0.005185984496314389,0.0011554857575110673,0.3272287731055266,0.32004401236587976
hard_expert_pattern_pct,R-20260719-090751-C6AEDFB5,Skill-Specific DDA,22.5,8.073172036110973,7.420246765534325,-0.652925270576648,0.004030498738803322,0.005608183754183159,0.0015776850153798368,0.3272287731055266,0.3228042981733941
hard_expert_pattern_pct,R-20260719-091426-075509FD,Fixed Time-Based,43.90243902439025,8.073172036110973,6.056127679300253,-2.01704435681072,0.004030498738803322,0.013326423599353833,0.00929592486055051,0.3272287731055266,0.28787524630710504
hard_expert_pattern_pct,R-20260719-092039-C2ECB570,Performance-Based DDA,0.0,8.073172036110973,7.626537094542484,-0.4466349415684894,0.004030498738803322,0.005398602164429837,0.0013681034256265148,0.3272287731055266,0.41302802358746243
hard_expert_pattern_pct,R-20260803-131118-25C444A0,Skill-Specific DDA,34.146341463414636,8.073172036110973,8.289608718192248,0.21643668208127487,0.004030498738803322,0.00363945825935091,-0.00039104047945241185,0.3272287731055266,0.3371005724840641
hard_expert_pattern_pct,R-20260803-202931-74AE8E33,Performance-Based DDA,33.33333333333333,8.073172036110973,8.109892443360451,0.03672040724947756,0.004030498738803322,0.004359081418183394,0.00032858267938007217,0.3272287731055266,0.34073684479406036
hard_expert_pattern_pct,R-20260803-203352-78E56646,Skill-Specific DDA,34.146341463414636,8.073172036110973,8.289608718192248,0.21643668208127487,0.004030498738803322,0.00363945825935091,-0.00039104047945241185,0.3272287731055266,0.3371005724840641
hard_expert_pattern_pct,R-20260803-203819-9150C5FD,Fixed Time-Based,45.23809523809524,8.073172036110973,6.025660680903665,-2.047511355207308,0.004030498738803322,0.01342826926575166,0.009397770526948339,0.3272287731055266,0.28188181695020625
hard_expert_pattern_pct,R-20260803-204306-D213B70C,Performance-Based DDA,38.297872340425535,8.073172036110973,8.481572332594885,0.4084002964839115,0.004030498738803322,0.0036410230603280747,-0.00038947567847524714,0.3272287731055266,0.36412554570662753
hard_expert_pattern_pct,R-20260803-204802-7FB9A22F,Skill-Specific DDA,34.146341463414636,8.073172036110973,8.289608718192248,0.21643668208127487,0.004030498738803322,0.00363945825935091,-0.00039104047945241185,0.3272287731055266,0.3371005724840641
hard_expert_pattern_pct,R-20260803-205226-5A31D015,Fixed Time-Based,47.5,8.073172036110973,6.158295500934315,-1.9148765351766581,0.004030498738803322,0.012227413958428097,0.008196915219624776,0.3272287731055266,0.2726837386161342
hard_expert_pattern_pct,R-20260804-075724-00D9EA4C,Performance-Based DDA,30.0,8.073172036110973,7.930574200758491,-0.1425978353524826,0.004030498738803322,0.004755495229937443,0.0007249964911341215,0.3272287731055266,0.3296401671899918
hard_expert_pattern_pct,R-20260804-080250-4C74E07B,Skill-Specific DDA,35.0,8.073172036110973,8.405552253871168,0.33238021776019444,0.004030498738803322,0.0034582830490545676,-0.0005722156897487543,0.3272287731055266,0.3397411477061139
hard_expert_pattern_pct,R-20260719-084347-6A9321AA,Performance-Based DDA,30.952380952380953,8.073172036110973,7.977395352744988,-0.095776683365985,0.004030498738803322,0.0046488016412327615,0.0006183029024294396,0.3272287731055266,0.3324609523003815
hard_expert_pattern_pct,R-20260719-085111-17A32D03,Skill-Specific DDA,25.0,8.073172036110973,7.52024861436052,-0.5529234217504531,0.004030498738803322,0.00528403142180546,0.0012535326830021383,0.3272287731055266,0.32253391552288185
hard_expert_pattern_pct,R-20260719-085745-B9C21BFE,Fixed Time-Based,47.5,8.073172036110973,6.158295500934315,-1.9148765351766581,0.004030498738803322,0.012227413958428097,0.008196915219624776,0.3272287731055266,0.2726837386161342
hard_expert_pattern_pct,R-20260719-091012-4EAD5CB0,Skill-Specific DDA,31.70731707317073,8.073172036110973,8.008772931313477,-0.06439910479749678,0.004030498738803322,0.004137179882611815,0.00010668114380849286,0.3272287731055266,0.33080628532930473
hard_expert_pattern_pct,R-20260719-091622-92127A6F,Fixed Time-Based,34.146341463414636,8.073172036110973,8.913689333047397,0.8405172969364241,0.004030498738803322,0.0032253126107365153,-0.0008051861280668066,0.3272287731055266,0.3455521566265885
hard_expert_pattern_pct,R-20260719-092328-65D9D1AB,Performance-Based DDA,18.91891891891892,8.073172036110973,7.565019658014477,-0.5081523780964963,0.004030498738803322,0.005646101328517043,0.0016156025897137213,0.3272287731055266,0.31632845513209235
hard_expert_pattern_pct,R-20260719-093012-4EB0A2D2,Skill-Specific DDA,30.0,8.073172036110973,7.8495117587705145,-0.2236602773404588,0.004030498738803322,0.004463376207358032,0.0004328774685547097,0.3272287731055266,0.3274626800274468
hard_expert_pattern_pct,R-20260804-072904-22984449,Fixed Time-Based,38.095238095238095,8.073172036110973,7.0562618413355365,-1.0169101947754369,0.004030498738803322,0.008024934597248314,0.003994435858444992,0.3272287731055266,0.3190557841099471
hard_expert_pattern_pct,R-20260804-075051-71E20E02,Performance-Based DDA,30.612244897959183,8.073172036110973,7.960302097087806,-0.11286993902316755,0.004030498738803322,0.00468749514898122,0.0006569964101778977,0.3272287731055266,0.3314220948833006
hard_expert_pattern_pct,R-20260804-075716-FEF7CC7F,Skill-Specific DDA,17.073170731707318,8.073172036110973,7.346080700136598,-0.7270913359743751,0.004030498738803322,0.006109841548081692,0.0020793428092783705,0.3272287731055266,0.33020818703324106
total_patterns_spawned,R-20260719-073723-9A82FD86,Performance-Based DDA,42.0,1.2343153468827488,1.213996729276598,-0.020318617606150724,0.3260633836627917,0.3335716044416963,0.007508220778904617,0.007873428634674332,0.006571532606245572
total_patterns_spawned,R-20260719-074245-6E61F985,Skill-Specific DDA,41.0,1.2343153468827488,1.4003240448647407,0.16600869798199192,0.3260633836627917,0.28412141883808517,-0.041941964824706524,0.007873428634674332,0.00864661654135344
total_patterns_spawned,R-20260719-084336-9AD97336,Performance-Based DDA,40.0,1.2343153468827488,1.2398414703971152,0.005526123514366432,0.3260633836627917,0.3265850575541555,0.0005216738913638164,0.007873428634674332,0.00976016785134352
total_patterns_spawned,R-20260719-084917-0433BF01,Skill-Specific DDA,40.0,1.2343153468827488,1.0054024929269627,-0.2289128539557861,0.3260633836627917,0.3949648633241768,0.0689014796613851,0.007873428634674332,0.006099325894047321
total_patterns_spawned,R-20260719-085701-11428E75,Fixed Time-Based,42.0,1.2343153468827488,0.6506778770345324,-0.5836374698482164,0.3260633836627917,0.541563598065425,0.21550021440263328,0.007873428634674332,0.006417040903022206
total_patterns_spawned,R-20260719-090242-3BA5890E,Performance-Based DDA,43.0,1.2343153468827488,1.20586269984206,-0.028452647040688728,0.3260633836627917,0.335805251475538,0.00974186781274633,0.007873428634674332,0.005840645840645848
total_patterns_spawned,R-20260719-090751-C6AEDFB5,Skill-Specific DDA,40.0,1.2343153468827488,1.0054024929269627,-0.2289128539557861,0.3260633836627917,0.3949648633241768,0.0689014796613851,0.007873428634674332,0.006099325894047321
total_patterns_spawned,R-20260719-091426-075509FD,Fixed Time-Based,41.0,1.2343153468827488,1.0087983851028686,-0.22551696177988023,0.3260633836627917,0.39839040818405475,0.07232702452126305,0.007873428634674332,0.007916485428447109
total_patterns_spawned,R-20260719-092039-C2ECB570,Performance-Based DDA,29.0,1.2343153468827488,2.213754930821741,0.979439583938992,0.3260633836627917,0.15495419231986962,-0.17110919134292207,0.007873428634674332,0.1378285014648646
total_patterns_spawned,R-20260803-131118-25C444A0,Skill-Specific DDA,41.0,1.2343153468827488,1.4003240448647407,0.16600869798199192,0.3260633836627917,0.28412141883808517,-0.041941964824706524,0.007873428634674332,0.00864661654135344
total_patterns_spawned,R-20260803-202931-74AE8E33,Performance-Based DDA,42.0,1.2343153468827488,1.213996729276598,-0.020318617606150724,0.3260633836627917,0.3335716044416963,0.007508220778904617,0.007873428634674332,0.006571532606245571
total_patterns_spawned,R-20260803-203352-78E56646,Skill-Specific DDA,41.0,1.2343153468827488,1.4003240448647407,0.16600869798199192,0.3260633836627917,0.28412141883808517,-0.041941964824706524,0.007873428634674332,0.00864661654135344
total_patterns_spawned,R-20260803-203819-9150C5FD,Fixed Time-Based,42.0,1.2343153468827488,0.6506778770345324,-0.5836374698482164,0.3260633836627917,0.541563598065425,0.21550021440263328,0.007873428634674332,0.006417040903022206
total_patterns_spawned,R-20260803-204306-D213B70C,Performance-Based DDA,47.0,1.2343153468827488,1.2049313794557912,-0.02938396742695759,0.3260633836627917,0.33604256042966596,0.009979176766874265,0.007873428634674332,0.009139009139009236
total_patterns_spawned,R-20260803-204802-7FB9A22F,Skill-Specific DDA,41.0,1.2343153468827488,1.4003240448647407,0.16600869798199192,0.3260633836627917,0.28412141883808517,-0.041941964824706524,0.007873428634674332,0.00864661654135344
total_patterns_spawned,R-20260803-205226-5A31D015,Fixed Time-Based,40.0,1.2343153468827488,2.177261455838074,0.9429461089553253,0.3260633836627917,0.16058970589324267,-0.16547367776954902,0.007873428634674332,0.010405709992486875
total_patterns_spawned,R-20260804-075724-00D9EA4C,Performance-Based DDA,40.0,1.2343153468827488,1.2398414703971152,0.005526123514366432,0.3260633836627917,0.3265850575541555,0.0005216738913638164,0.007873428634674332,0.00976016785134352
total_patterns_spawned,R-20260804-080250-4C74E07B,Skill-Specific DDA,40.0,1.2343153468827488,1.0054024929269627,-0.2289128539557861,0.3260633836627917,0.3949648633241768,0.0689014796613851,0.007873428634674332,0.006099325894047321
total_patterns_spawned,R-20260719-084347-6A9321AA,Performance-Based DDA,42.0,1.2343153468827488,1.213996729276598,-0.020318617606150724,0.3260633836627917,0.3335716044416963,0.007508220778904617,0.007873428634674332,0.006571532606245571
total_patterns_spawned,R-20260719-085111-17A32D03,Skill-Specific DDA,40.0,1.2343153468827488,1.0054024929269627,-0.2289128539557861,0.3260633836627917,0.3949648633241768,0.0689014796613851,0.007873428634674332,0.006099325894047321
total_patterns_spawned,R-20260719-085745-B9C21BFE,Fixed Time-Based,40.0,1.2343153468827488,2.177261455838074,0.9429461089553253,0.3260633836627917,0.16058970589324267,-0.16547367776954902,0.007873428634674332,0.010405709992486875
total_patterns_spawned,R-20260719-091012-4EAD5CB0,Skill-Specific DDA,41.0,1.2343153468827488,1.4003240448647407,0.16600869798199192,0.3260633836627917,0.28412141883808517,-0.041941964824706524,0.007873428634674332,0.00864661654135344
total_patterns_spawned,R-20260719-091622-92127A6F,Fixed Time-Based,41.0,1.2343153468827488,1.0087983851028686,-0.22551696177988023,0.3260633836627917,0.39839040818405475,0.07232702452126305,0.007873428634674332,0.007916485428447109
total_patterns_spawned,R-20260719-092328-65D9D1AB,Performance-Based DDA,37.0,1.2343153468827488,1.3090811441122143,0.07476579722946552,0.3260633836627917,0.3086931482780591,-0.01737023538473259,0.007873428634674332,0.01960856045363089
total_patterns_spawned,R-20260719-093012-4EB0A2D2,Skill-Specific DDA,40.0,1.2343153468827488,1.0054024929269627,-0.2289128539557861,0.3260633836627917,0.3949648633241768,0.0689014796613851,0.007873428634674332,0.006099325894047321
total_patterns_spawned,R-20260804-072904-22984449,Fixed Time-Based,42.0,1.2343153468827488,0.6506778770345324,-0.5836374698482164,0.3260633836627917,0.541563598065425,0.21550021440263328,0.007873428634674332,0.006417040903022208
total_patterns_spawned,R-20260804-075051-71E20E02,Performance-Based DDA,49.0,1.2343153468827488,1.2297786832605409,-0.004536663622207948,0.3260633836627917,0.3292396740654599,0.0031762904026682026,0.007873428634674332,0.01604869444419071
total_patterns_spawned,R-20260804-075716-FEF7CC7F,Skill-Specific DDA,41.0,1.2343153468827488,1.4003240448647407,0.16600869798199192,0.3260633836627917,0.28412141883808517,-0.041941964824706524,0.007873428634674332,0.00864661654135344
resolved_targets,R-20260719-073723-9A82FD86,Performance-Based DDA,287.0,5.091643714357052,5.032337310193398,-0.05930640416365396,0.022291567563413106,0.02449605433999817,0.0022044867765850656,0.11212322710409636,0.11196630461766767
resolved_targets,R-20260719-074245-6E61F985,Skill-Specific DDA,274.0,5.091643714357052,4.472009043550562,-0.6196346708064899,0.022291567563413106,0.0320189393592785,0.009727371795865393,0.11212322710409636,0.11059101492946175
resolved_targets,R-20260719-084336-9AD97336,Performance-Based DDA,288.0,5.091643714357052,5.036256804449273,-0.055386909907778836,0.022291567563413106,0.02444233038667237,0.0021507628232592634,0.11212322710409636,0.11253857265576646
resolved_targets,R-20260719-084917-0433BF01,Skill-Specific DDA,298.0,5.091643714357052,5.166406693026009,0.0747629786689572,0.022291567563413106,0.020948903741156547,-0.0013426638222565589,0.11212322710409636,0.11342812542418897
resolved_targets,R-20260719-085701-11428E75,Fixed Time-Based,286.0,5.091643714357052,9.580674975181315,4.489031260824263,0.022291567563413106,0.0024718761090565355,-0.01981969145435657,0.11212322710409636,0.13424588180089417
resolved_targets,R-20260719-090242-3BA5890E,Performance-Based DDA,280.0,5.091643714357052,5.006207268332665,-0.08543644602438683,0.022291567563413106,0.024857041627520015,0.002565474064106909,0.11212322710409636,0.1082171445324678
resolved_targets,R-20260719-090751-C6AEDFB5,Skill-Specific DDA,277.0,5.091643714357052,4.512798798987055,-0.5788449153699968,0.022291567563413106,0.031031293543188062,0.008739725979774956,0.11212322710409636,0.11066123745134188
resolved_targets,R-20260719-091426-075509FD,Fixed Time-Based,305.0,5.091643714357052,4.661934071060146,-0.4297096432969063,0.022291567563413106,0.03193271300040023,0.009641145436987124,0.11212322710409636,0.11119094636423466
resolved_targets,R-20260719-092039-C2ECB570,Performance-Based DDA,159.0,5.091643714357052,4.769779337715451,-0.32186437664160117,0.022291567563413106,0.02800123558804647,0.005709668024633362,0.11212322710409636,0.12465930913364205
resolved_targets,R-20260803-131118-25C444A0,Skill-Specific DDA,286.0,5.091643714357052,4.7094161694250305,-0.3822275449320216,0.022291567563413106,0.02727183426834859,0.0049802667049354855,0.11212322710409636,0.1113590057049715
resolved_targets,R-20260803-202931-74AE8E33,Performance-Based DDA,315.0,5.091643714357052,5.16414100343815,0.07249728908109798,0.022291567563413106,0.022752753003624136,0.0004611854402110302,0.11212322710409636,0.13188871880135022
resolved_targets,R-20260803-203352-78E56646,Skill-Specific DDA,309.0,5.091643714357052,5.857596633663552,0.7659529193064998,0.022291567563413106,0.014735396401546644,-0.007556171161866462,0.11212322710409636,0.11650503023451673
resolved_targets,R-20260803-203819-9150C5FD,Fixed Time-Based,306.0,5.091643714357052,4.5607831637603224,-0.5308605505967297,0.022291567563413106,0.033873358411589886,0.01158179084817678,0.11212322710409636,0.11009891505856854
resolved_targets,R-20260803-204306-D213B70C,Performance-Based DDA,363.0,5.091643714357052,5.585363995088495,0.49372028073144314,0.022291567563413106,0.018024157179891757,-0.004267410383521349,0.11212322710409636,0.19352181484674388
resolved_targets,R-20260803-204802-7FB9A22F,Skill-Specific DDA,295.0,5.091643714357052,5.028049102418969,-0.06359461193808347,0.022291567563413106,0.02261970219648744,0.0003281346330743333,0.11212322710409636,0.112787444037444
resolved_targets,R-20260803-205226-5A31D015,Fixed Time-Based,335.0,5.091643714357052,3.8301829719538154,-1.2614607424032367,0.022291567563413106,0.049965686768783144,0.027674119205370037,0.11212322710409636,0.08267212041226565
resolved_targets,R-20260804-075724-00D9EA4C,Performance-Based DDA,279.0,5.091643714357052,5.002651550331445,-0.0889921640256075,0.022291567563413106,0.024906536535739487,0.0026149689723263814,0.11212322710409636,0.1077173689959491
resolved_targets,R-20260804-080250-4C74E07B,Skill-Specific DDA,311.0,5.091643714357052,6.022974412371169,0.9313306980141167,0.022291567563413106,0.013646147348869927,-0.00864542021454318,0.11212322710409636,0.11719146664031743
resolved_targets,R-20260719-084347-6A9321AA,Performance-Based DDA,293.0,5.091643714357052,5.056610154165806,-0.035033560191245705,0.022291567563413106,0.024165168223184035,0.0018736006597709284,0.11212322710409636,0.11554270653418303
resolved_targets,R-20260719-085111-17A32D03,Skill-Specific DDA,280.0,5.091643714357052,4.565845367389333,-0.5257983469677194,0.022291567563413106,0.029902479301193143,0.0076109117377800364,0.11212322710409636,0.1108128364107106
resolved_targets,R-20260719-085745-B9C21BFE,Fixed Time-Based,323.0,5.091643714357052,3.6681947009932063,-1.4234490133638458,0.022291567563413106,0.057345433999257046,0.03505386643584394,0.11212322710409636,0.09310000905189475
resolved_targets,R-20260719-091012-4EAD5CB0,Skill-Specific DDA,293.0,5.091643714357052,4.945391732993715,-0.14625198136333672,0.022291567563413106,0.02370806468996873,0.0014164971265556228,0.11212322710409636,0.11240636139602538
resolved_targets,R-20260719-091622-92127A6F,Fixed Time-Based,314.0,5.091643714357052,3.9728555711523503,-1.1187881432047018,0.022291567563413106,0.047986126907642215,0.02569455934422911,0.11212322710409636,0.10174543125640273
resolved_targets,R-20260719-092328-65D9D1AB,Performance-Based DDA,214.0,5.091643714357052,4.838612528073545,-0.25303118628350685,0.022291567563413106,0.027248830859951226,0.00495726329653812,0.11212322710409636,0.09326697776990181
resolved_targets,R-20260719-093012-4EB0A2D2,Skill-Specific DDA,298.0,5.091643714357052,5.166406693026009,0.0747629786689572,0.022291567563413106,0.020948903741156547,-0.0013426638222565589,0.11212322710409636,0.11342812542418897
resolved_targets,R-20260804-072904-22984449,Fixed Time-Based,329.0,5.091643714357052,3.6526104452235515,-1.4390332691335006,0.022291567563413106,0.057155388915732845,0.03486382135231974,0.11212322710409636,0.08773817241327955
resolved_targets,R-20260804-075051-71E20E02,Performance-Based DDA,342.0,5.091643714357052,5.355608886592468,0.26396517223541593,0.022291567563413106,0.020451867451044676,-0.0018397001123684302,0.11212322710409636,0.16087527569926713
resolved_targets,R-20260804-075716-FEF7CC7F,Skill-Specific DDA,267.0,5.091643714357052,4.425956239456222,-0.6656874749008299,0.022291567563413106,0.03372412917033241,0.011432561606919307,0.11212322710409636,0.11074737936644356
normalized_target_score_pct,R-20260719-073723-9A82FD86,Performance-Based DDA,81.53310104529616,4.200919337642528,4.050980038102214,-0.14993929954031415,0.04126453932564539,0.04420053169259993,0.0029359923669545415,0.1569216244573668,0.1494593599976368
normalized_target_score_pct,R-20260719-074245-6E61F985,Skill-Specific DDA,52.00729927007299,4.200919337642528,3.651439835133058,-0.5494795025094699,0.04126453932564539,0.05779744678658426,0.01653290746093887,0.1569216244573668,0.21679132808632465
normalized_target_score_pct,R-20260719-084336-9AD97336,Performance-Based DDA,79.16666666666666,4.200919337642528,4.437762476900325,0.23684313925779676,0.04126453932564539,0.035466229877555884,-0.0057983094480895045,0.1569216244573668,0.1598934286523407
normalized_target_score_pct,R-20260719-084917-0433BF01,Skill-Specific DDA,74.32885906040269,4.200919337642528,3.969272757483751,-0.23164658015877704,0.04126453932564539,0.048955065192855474,0.007690525867210085,0.1569216244573668,0.1536045086780611
normalized_target_score_pct,R-20260719-085701-11428E75,Fixed Time-Based,75.87412587412588,4.200919337642528,3.62376677761062,-0.5771525600319078,0.04126453932564539,0.06391575253009471,0.022651213204449322,0.1569216244573668,0.1574933671678972
normalized_target_score_pct,R-20260719-090242-3BA5890E,Performance-Based DDA,84.82142857142857,4.200919337642528,3.7300268954885203,-0.4708924421540077,0.04126453932564539,0.05443469818266578,0.013170158857020393,0.1569216244573668,0.13698100519036038
normalized_target_score_pct,R-20260719-090751-C6AEDFB5,Skill-Specific DDA,62.63537906137184,4.200919337642528,3.720041609135011,-0.480877728507517,0.04126453932564539,0.056561913649864425,0.015297374324219036,0.1569216244573668,0.1595228466267389
normalized_target_score_pct,R-20260719-091426-075509FD,Fixed Time-Based,59.83606557377049,4.200919337642528,4.345329844895345,0.14441050725281723,0.04126453932564539,0.03650547258672825,-0.004759066738917135,0.1569216244573668,0.1297689031058837
normalized_target_score_pct,R-20260719-092039-C2ECB570,Performance-Based DDA,77.67295597484278,4.200919337642528,4.769040863921291,0.5681215262787633,0.04126453932564539,0.02986411696000867,-0.01140042236563672,0.1569216244573668,0.16719232385655955
normalized_target_score_pct,R-20260803-131118-25C444A0,Skill-Specific DDA,83.04195804195804,4.200919337642528,4.326576235080785,0.12565689743825725,0.04126453932564539,0.03973326585210656,-0.0015312734735388259,0.1569216244573668,0.17210360317517576
normalized_target_score_pct,R-20260803-202931-74AE8E33,Performance-Based DDA,83.01587301587303,4.200919337642528,3.8782194997354584,-0.3226998379070696,0.04126453932564539,0.04920810706750179,0.007943567741856401,0.1569216244573668,0.14356014109894838
normalized_target_score_pct,R-20260803-203352-78E56646,Skill-Specific DDA,80.2588996763754,4.200919337642528,4.187732066370611,-0.013187271271917211,0.04126453932564539,0.043070033596730437,0.001805494271085048,0.1569216244573668,0.16397895148478037
normalized_target_score_pct,R-20260803-203819-9150C5FD,Fixed Time-Based,77.45098039215686,4.200919337642528,3.858587140832218,-0.34233219681031013,0.04126453932564539,0.05564801569588975,0.014383476370244362,0.1569216244573668,0.16425530552508935
normalized_target_score_pct,R-20260803-204306-D213B70C,Performance-Based DDA,79.06336088154269,4.200919337642528,4.458250556647316,0.2573312190047883,0.04126453932564539,0.035076507575211996,-0.006188031750433393,0.1569216244573668,0.1603795987706703
normalized_target_score_pct,R-20260803-204802-7FB9A22F,Skill-Specific DDA,84.06779661016948,4.200919337642528,4.3858274104307995,0.18490807278827148,0.04126453932564539,0.0383978877198526,-0.0028666516057927888,0.1569216244573668,0.1756982382293602
normalized_target_score_pct,R-20260803-205226-5A31D015,Fixed Time-Based,73.13432835820896,4.200919337642528,3.3361598723746164,-0.8647594652679116,0.04126453932564539,0.0759711372742345,0.034706597948589116,0.1569216244573668,0.14755948319784432
normalized_target_score_pct,R-20260804-075724-00D9EA4C,Performance-Based DDA,84.58781362007169,4.200919337642528,3.7455292533829705,-0.4553900842595575,0.04126453932564539,0.0538241840625419,0.01255964473689651,0.1569216244573668,0.13779657546263271
normalized_target_score_pct,R-20260804-080250-4C74E07B,Skill-Specific DDA,80.22508038585208,4.200919337642528,4.186215831989377,-0.014703505653151261,0.04126453932564539,0.04310814395678229,0.0018436046311368984,0.1569216244573668,0.16389393311516962
normalized_target_score_pct,R-20260719-084347-6A9321AA,Performance-Based DDA,79.86348122866895,4.200919337642528,4.308006093036688,0.10708675539416035,0.04126453932564539,0.03808823087989241,-0.003176308445752979,0.1569216244573668,0.1566833034974527
normalized_target_score_pct,R-20260719-085111-17A32D03,Skill-Specific DDA,72.67857142857143,4.200919337642528,3.9220886651630535,-0.27883067247947446,0.04126453932564539,0.05033225259920264,0.009067713273557251,0.1569216244573668,0.15225930664327536
normalized_target_score_pct,R-20260719-085745-B9C21BFE,Fixed Time-Based,83.90092879256966,4.200919337642528,6.018483159849391,1.8175638222068633,0.04126453932564539,0.017348138263084376,-0.023916401062561012,0.1569216244573668,0.2013631412087492
normalized_target_score_pct,R-20260719-091012-4EAD5CB0,Skill-Specific DDA,80.71672354948805,4.200919337642528,4.208629348206423,0.007710010563894976,0.04126453932564539,0.042548544431328425,0.0012840051056830365,0.1569216244573668,0.1651611348308364
normalized_target_score_pct,R-20260719-091622-92127A6F,Fixed Time-Based,75.47770700636943,4.200919337642528,3.57365754699315,-0.6272617906493778,0.04126453932564539,0.0658543762436255,0.024589836917980112,0.1569216244573668,0.15591694743931628
normalized_target_score_pct,R-20260719-092328-65D9D1AB,Performance-Based DDA,87.61682242990653,4.200919337642528,3.629253137475566,-0.5716662001669621,0.04126453932564539,0.05988726208244229,0.018622722756796904,0.1569216244573668,0.1279970655656328
normalized_target_score_pct,R-20260719-093012-4EB0A2D2,Skill-Specific DDA,79.19463087248322,4.200919337642528,4.141737172887468,-0.05918216475506011,0.04126453932564539,0.04424273024711501,0.0029781909214696214,0.1569216244573668,0.16145273412554095
normalized_target_score_pct,R-20260804-072904-22984449,Fixed Time-Based,72.94832826747721,4.200919337642528,3.3211078653863018,-0.8798114722562262,0.04126453932564539,0.07666614635116506,0.03540160702551967,0.1569216244573668,0.14696447600381085
normalized_target_score_pct,R-20260804-075051-71E20E02,Performance-Based DDA,80.11695906432749,4.200919337642528,4.264281776648071,0.06336243900554273,0.04126453932564539,0.03903590494917816,-0.0022286343764672256,0.1569216244573668,0.15554484614995198
normalized_target_score_pct,R-20260804-075716-FEF7CC7F,Skill-Specific DDA,88.38951310861424,4.200919337642528,4.701804592384522,0.500885254741994,0.04126453932564539,0.03207692002374212,-0.009187619301903267,0.1569216244573668,0.19503709591502064
wall_contact_pct,R-20260719-073723-9A82FD86,Performance-Based DDA,1.3286283697872765,1.7071320803644883,1.590156247453786,-0.11697583291070224,0.21809631428192322,0.23893234517761872,0.020836030895695495,0.09798748372355584,0.09348149093734218
wall_contact_pct,R-20260719-074245-6E61F985,Skill-Specific DDA,6.65828547482309,1.7071320803644883,1.4404718072066713,-0.26666027315781693,0.21809631428192322,0.2717392994416835,0.05364298515976029,0.09798748372355584,0.1083086567277938
wall_contact_pct,R-20260719-084336-9AD97336,Performance-Based DDA,0.13095924072213308,1.7071320803644883,1.361977469597011,-0.3451546107674772,0.21809631428192322,0.2887119704177272,0.070615656135804,0.09798748372355584,0.08056030898501473
wall_contact_pct,R-20260719-084917-0433BF01,Skill-Specific DDA,0.04000190485261203,1.7071320803644883,1.8938492573254537,0.18671717696096546,0.21809631428192322,0.18962630935382005,-0.02847000492810317,0.09798748372355584,0.11165329255226891
wall_contact_pct,R-20260719-085701-11428E75,Fixed Time-Based,1.1110158675733852,1.7071320803644883,1.9372374680755586,0.23010538771107036,0.21809631428192322,0.18734983023748442,-0.030746484044438804,0.09798748372355584,0.1220546018741849
wall_contact_pct,R-20260719-090242-3BA5890E,Performance-Based DDA,0.05333333333333334,1.7071320803644883,1.3506713665466856,-0.35646071381780264,0.21809631428192322,0.29149886789890234,0.07340255361697912,0.09798748372355584,0.07981624757300763
wall_contact_pct,R-20260719-090751-C6AEDFB5,Skill-Specific DDA,0.5533754952758305,1.7071320803644883,1.826946384047962,0.11981430368347379,0.21809631428192322,0.1998216389600044,-0.018274675321918815,0.09798748372355584,0.10726593559522107
wall_contact_pct,R-20260719-091426-075509FD,Fixed Time-Based,4.2453998247552285,1.7071320803644883,1.2626691144139266,-0.4444629659505617,0.21809631428192322,0.31886441525900666,0.10076810097708344,0.09798748372355584,0.07988643260441652
wall_contact_pct,R-20260719-092039-C2ECB570,Performance-Based DDA,4.735962359933139,1.7071320803644883,3.4695682103343706,1.7624361299698823,0.21809631428192322,0.06572865641487366,-0.15236765786704956,0.09798748372355584,0.15164224801600545
wall_contact_pct,R-20260803-131118-25C444A0,Skill-Specific DDA,2.607279428922467,1.7071320803644883,1.6362354359625666,-0.07089664440192167,0.21809631428192322,0.23240023017630623,0.014303915894383012,0.09798748372355584,0.0969787746511062
wall_contact_pct,R-20260803-202931-74AE8E33,Performance-Based DDA,0.6200265725673958,1.7071320803644883,1.4423479579913252,-0.26478412237316307,0.21809631428192322,0.2698452706408972,0.051748956358973974,0.09798748372355584,0.08549849361074087
wall_contact_pct,R-20260803-203352-78E56646,Skill-Specific DDA,0.7328885523665298,1.7071320803644883,1.8058417632406407,0.09870968287615245,0.21809631428192322,0.20316423936831282,-0.0149320749136104,0.09798748372355584,0.10592080141353807
wall_contact_pct,R-20260803-203819-9150C5FD,Fixed Time-Based,5.556322835358158,1.7071320803644883,1.1485493704545913,-0.558582709909897,0.21809631428192322,0.34976852359622534,0.13167220931430212,0.09798748372355584,0.07059968801041445
wall_contact_pct,R-20260803-204306-D213B70C,Performance-Based DDA,0.5043481573909151,1.7071320803644883,1.4218651155642412,-0.28526696480024705,0.21809631428192322,0.2745036793932744,0.05640736511135119,0.09798748372355584,0.084290440871733
wall_contact_pct,R-20260803-204802-7FB9A22F,Skill-Specific DDA,3.620665844401373,1.7071320803644883,1.571423361335402,-0.1357087190290862,0.21809631428192322,0.24475853180140938,0.026662217519486164,0.09798748372355584,0.0956843634116625
wall_contact_pct,R-20260803-205226-5A31D015,Fixed Time-Based,6.655047121067092,1.7071320803644883,1.102964270417373,-0.6041678099471153,0.21809631428192322,0.362053206209738,0.1439568919278148,0.09798748372355584,0.06633505625910255
wall_contact_pct,R-20260804-075724-00D9EA4C,Performance-Based DDA,1.7830099722833386,1.7071320803644883,1.7084627159230845,0.0013306355585962493,0.21809631428192322,0.21722157180949137,-0.0008747424724318553,0.09798748372355584,0.09917529879252238
wall_contact_pct,R-20260804-080250-4C74E07B,Skill-Specific DDA,1.8983393102922754,1.7071320803644883,1.6912431373465642,-0.015888943017924095,0.21809631428192322,0.22243861505376916,0.004342300771845942,0.09798748372355584,0.0993261267889628
wall_contact_pct,R-20260719-084347-6A9321AA,Performance-Based DDA,0.5986398445536633,1.7071320803644883,1.4384895781730158,-0.26864250219147245,0.21809631428192322,0.2707152925449692,0.05261897826304596,0.09798748372355584,0.08527322687688355
wall_contact_pct,R-20260719-085111-17A32D03,Skill-Specific DDA,1.0930861704357104,1.7071320803644883,1.766572209760059,0.05944012939557064,0.21809631428192322,0.20955151401192534,-0.008544800269997876,0.09798748372355584,0.10349799826617166
wall_contact_pct,R-20260719-085745-B9C21BFE,Fixed Time-Based,0.830007904837189,1.7071320803644883,2.056973300843067,0.3498412204785788,0.21809631428192322,0.17109705767300432,-0.046999256608918905,0.09798748372355584,0.12757298949226112
wall_contact_pct,R-20260719-091012-4EAD5CB0,Skill-Specific DDA,0.8052380952380953,1.7071320803644883,1.7976358490831357,0.0905037687186474,0.21809631428192322,0.20448076614103988,-0.013615548140883338,0.09798748372355584,0.10540499987774792
wall_contact_pct,R-20260719-091622-92127A6F,Fixed Time-Based,0.793953191529896,1.7071320803644883,2.0736979748428372,0.366565894478349,0.21809631428192322,0.16895580196740304,-0.049140512314520185,0.09798748372355584,0.1283072508069729
wall_contact_pct,R-20260719-092328-65D9D1AB,Performance-Based DDA,2.4964163424309818,1.7071320803644883,1.9426223447320472,0.23549026436755893,0.21809631428192322,0.18084351678985508,-0.03725279749206814,0.09798748372355584,0.1091543770858741
wall_contact_pct,R-20260719-093012-4EB0A2D2,Skill-Specific DDA,0.2238095238095238,1.7071320803644883,1.8686949916989863,0.16156291133449807,0.21809631428192322,0.19338941685517866,-0.024706897426744562,0.09798748372355584,0.10998713672108484
wall_contact_pct,R-20260804-072904-22984449,Fixed Time-Based,1.9734085108004114,1.7071320803644883,1.658675881056576,-0.04845619930791223,0.21809631428192322,0.23235307205172467,0.014256757769801454,0.09798748372355584,0.10717788381138148
wall_contact_pct,R-20260804-075051-71E20E02,Performance-Based DDA,0.5333561914558244,1.7071320803644883,1.4269128739637669,-0.2802192064007214,0.21809631428192322,0.2733465151947218,0.055250200912798586,0.09798748372355584,0.08459099216848934
wall_contact_pct,R-20260804-075716-FEF7CC7F,Skill-Specific DDA,7.773449405669003,1.7071320803644883,1.408812755798899,-0.2983193245655893,0.21809631428192322,0.2785963866573416,0.06050007237541838,0.09798748372355584,0.12208958193651225
final_score,R-20260719-073723-9A82FD86,Performance-Based DDA,4680.0,0.32174633175627815,0.3140300446735677,-0.007716287082710438,0.7294681701630661,0.7351710454355376,0.005702875272471486,0.019629849570673846,0.018805506947589094
final_score,R-20260719-074245-6E61F985,Skill-Specific DDA,2850.0,0.32174633175627815,0.04180759846843816,-0.27993873328783997,0.7294681701630661,0.9591701064393325,0.22970193627626645,0.019629849570673846,0.0020394079905301505
final_score,R-20260719-084336-9AD97336,Performance-Based DDA,4560.0,0.32174633175627815,0.3203371108998095,-0.0014092208564686626,0.7294681701630661,0.7307354052639449,0.001267235100878783,0.019629849570673846,0.019777639233005857
final_score,R-20260719-084917-0433BF01,Skill-Specific DDA,4430.0,0.32174633175627815,0.2865099008579245,-0.035236430898353654,0.7294681701630661,0.7546945405179972,0.025226370354931138,0.019629849570673846,0.018691653690772518
final_score,R-20260719-085701-11428E75,Fixed Time-Based,4340.0,0.32174633175627815,0.4071889893088152,0.08544265755253705,0.7294681701630661,0.6729703346334567,-0.05649783552960941,0.019629849570673846,0.024628294057687024
final_score,R-20260719-090242-3BA5890E,Performance-Based DDA,4750.0,0.32174633175627815,0.31097122756831685,-0.010775104187961293,0.7294681701630661,0.7373328732432088,0.007864703080142754,0.019629849570673846,0.018322019564142047
final_score,R-20260719-090751-C6AEDFB5,Skill-Specific DDA,3470.0,0.32174633175627815,0.10910835944129844,-0.21263797231497972,0.7294681701630661,0.8973129694255805,0.1678447992625144,0.019629849570673846,0.006269197567276688
final_score,R-20260719-091426-075509FD,Fixed Time-Based,3650.0,0.32174633175627815,1.244899862632818,0.92315353087654,0.7294681701630661,0.31479912591027587,-0.4146690442527902,0.019629849570673846,0.04592201438455959
final_score,R-20260719-092039-C2ECB570,Performance-Based DDA,2470.0,0.32174633175627815,1.0449955577686254,0.7232492260123473,0.7294681701630661,0.3754918180593949,-0.3539763521036712,0.019629849570673846,0.08707724274466955
final_score,R-20260803-131118-25C444A0,Skill-Specific DDA,4750.0,0.32174633175627815,0.3801231859459358,0.058376854189657656,0.7294681701630661,0.6898652549465485,-0.0396029152165176,0.019629849570673846,0.024814268752527912
final_score,R-20260803-202931-74AE8E33,Performance-Based DDA,5230.0,0.32174633175627815,0.30193791585007873,-0.019808415906199417,0.7294681701630661,0.7437511020922422,0.014282931929176068,0.019629849570673846,0.016633181281225047
final_score,R-20260803-203352-78E56646,Skill-Specific DDA,4960.0,0.32174633175627815,0.45757932719578986,0.13583299543951172,0.7294681701630661,0.6409633197374822,-0.08850485042558387,0.019629849570673846,0.029560104770508296
final_score,R-20260803-203819-9150C5FD,Fixed Time-Based,4740.0,0.32174633175627815,0.2577809010419304,-0.06396543071434774,0.7294681701630661,0.776301942236115,0.04683377207304895,0.019629849570673846,0.017588676870645383
final_score,R-20260803-204306-D213B70C,Performance-Based DDA,5740.0,0.32174633175627815,0.3178712632446135,-0.0038750685116646366,0.7294681701630661,0.7324288820150543,0.002960711851988207,0.019629849570673846,0.018145868837640407
final_score,R-20260803-204802-7FB9A22F,Skill-Specific DDA,4960.0,0.32174633175627815,0.45757932719578986,0.13583299543951172,0.7294681701630661,0.6409633197374822,-0.08850485042558387,0.019629849570673846,0.029560104770508296
final_score,R-20260803-205226-5A31D015,Fixed Time-Based,4900.0,0.32174633175627815,0.21842396040000733,-0.10332237135627081,0.7294681701630661,0.8064194704712802,0.07695130030821407,0.019629849570673846,0.015669226721459317
final_score,R-20260804-075724-00D9EA4C,Performance-Based DDA,4720.0,0.32174633175627815,0.3122271120749304,-0.009519219681347724,0.7294681701630661,0.736444440505419,0.00697627034235293,0.019629849570673846,0.018521764606745064
final_score,R-20260804-080250-4C74E07B,Skill-Specific DDA,4990.0,0.32174633175627815,0.46996560949046934,0.1482192777341912,0.7294681701630661,0.6335134732244738,-0.09595469693859227,0.019629849570673846,0.030292331926952593
final_score,R-20260719-084347-6A9321AA,Performance-Based DDA,4680.0,0.32174633175627815,0.3140300446735677,-0.007716287082710438,0.7294681701630661,0.7351710454355376,0.005702875272471486,0.019629849570673846,0.018805506947589094
final_score,R-20260719-085111-17A32D03,Skill-Specific DDA,4070.0,0.32174633175627815,0.2058801285822757,-0.11586620317400245,0.7294681701630661,0.8160808185650914,0.08661264840202532,0.019629849570673846,0.013111003835195562
final_score,R-20260719-085745-B9C21BFE,Fixed Time-Based,5420.0,0.32174633175627815,0.13806804231765682,-0.18367828943862133,0.7294681701630661,0.8721199345405679,0.14265176437750182,0.019629849570673846,0.012816397752117556
final_score,R-20260719-091012-4EAD5CB0,Skill-Specific DDA,4730.0,0.32174633175627815,0.37349492471137286,0.05174859295509471,0.7294681701630661,0.6942425132421574,-0.03522565692090873,0.019629849570673846,0.02439462425293374
final_score,R-20260719-091622-92127A6F,Fixed Time-Based,4740.0,0.32174633175627815,0.2577809010419304,-0.06396543071434774,0.7294681701630661,0.776301942236115,0.04683377207304895,0.019629849570673846,0.017588676870645383
final_score,R-20260719-092328-65D9D1AB,Performance-Based DDA,3750.0,0.32174633175627815,0.4064870126516494,0.08474068089537123,0.7294681701630661,0.6730538991277532,-0.056414271035312935,0.019629849570673846,0.03173470065864462
final_score,R-20260719-093012-4EB0A2D2,Skill-Specific DDA,4720.0,0.32174633175627815,0.3702245361539434,0.04847820439766526,0.7294681701630661,0.6964138219616465,-0.033054348201419614,0.019629849570673846,0.024186782800509964
final_score,R-20260804-072904-22984449,Fixed Time-Based,4800.0,0.32174633175627815,0.24200787849376776,-0.07973845326251039,0.7294681701630661,0.7882165115590956,0.05874834139602947,0.019629849570673846,0.01681111975612436
final_score,R-20260804-075051-71E20E02,Performance-Based DDA,5480.0,0.32174633175627815,0.30594747492982266,-0.015798856826455487,0.7294681701630661,0.740879915152154,0.011411744989087924,0.019629849570673846,0.016911643993759544
final_score,R-20260804-075716-FEF7CC7F,Skill-Specific DDA,4720.0,0.32174633175627815,0.3702245361539434,0.04847820439766526,0.7294681701630661,0.6964138219616465,-0.033054348201419614,0.019629849570673846,0.024186782800509964
target_hit_rate_pct,R-20260719-073723-9A82FD86,Performance-Based DDA,90.2439024390244,0.46134058482385504,0.3320456951106741,-0.12929488971318093,0.640841364979413,0.7235426831342054,0.08270131815479242,0.01946369390904534,0.01360746470012766
target_hit_rate_pct,R-20260719-074245-6E61F985,Skill-Specific DDA,54.74452554744526,0.46134058482385504,0.34469892799420565,-0.11664165682964939,0.640841364979413,0.7151103570448786,0.07426899206546556,0.01946369390904534,0.031236492582079573
target_hit_rate_pct,R-20260719-084336-9AD97336,Performance-Based DDA,87.5,0.46134058482385504,0.41977494250865316,-0.04156564231520188,0.640841364979413,0.6659229638467827,0.025081598867369714,0.01946369390904534,0.017398278732816724
target_hit_rate_pct,R-20260719-084917-0433BF01,Skill-Specific DDA,79.86577181208054,0.46134058482385504,0.39464310145770815,-0.06669748336614689,0.640841364979413,0.682499899753232,0.04165853477381898,0.01946369390904534,0.015908665588431344
target_hit_rate_pct,R-20260719-085701-11428E75,Fixed Time-Based,87.06293706293707,0.46134058482385504,0.47707735312046756,0.015736768296612524,0.640841364979413,0.6332133474915874,-0.0076280174878256,0.01946369390904534,0.02176749293058692
target_hit_rate_pct,R-20260719-090242-3BA5890E,Performance-Based DDA,85.71428571428571,0.46134058482385504,0.48929564384072,0.027955059016864958,0.640841364979413,0.6240898229404832,-0.016751542038929812,0.01946369390904534,0.020169748632947508
target_hit_rate_pct,R-20260719-090751-C6AEDFB5,Skill-Specific DDA,71.48014440433214,0.46134058482385504,0.34234298595047574,-0.1189975988733793,0.640841364979413,0.7169127570742977,0.07607139209488467,0.01946369390904534,0.013647393871503991
target_hit_rate_pct,R-20260719-091426-075509FD,Fixed Time-Based,73.44262295081967,0.46134058482385504,0.20637738865684188,-0.25496319616701313,0.640841364979413,0.8165046091116358,0.17566324413222278,0.01946369390904534,0.018000766381881514
target_hit_rate_pct,R-20260719-092039-C2ECB570,Performance-Based DDA,84.27672955974843,0.46134058482385504,0.5545649481474174,0.09322436332356238,0.640841364979413,0.5876500786761276,-0.0531912863032854,0.01946369390904534,0.022593222274014703
target_hit_rate_pct,R-20260803-131118-25C444A0,Skill-Specific DDA,95.1048951048951,0.46134058482385504,0.5947918781909197,0.13345129336706468,0.640841364979413,0.5673861148451527,-0.07345525013426035,0.01946369390904534,0.0331741235801797
target_hit_rate_pct,R-20260803-202931-74AE8E33,Performance-Based DDA,94.6031746031746,0.46134058482385504,0.22596115800914568,-0.23537942681470936,0.640841364979413,0.8011798173186664,0.16033845233925337,0.01946369390904534,0.008615772027492594
target_hit_rate_pct,R-20260803-203352-78E56646,Skill-Specific DDA,95.46925566343042,0.46134058482385504,0.6023599268721677,0.14101934204831262,0.640841364979413,0.5634976632075134,-0.07734370177189964,0.01946369390904534,0.03386087897052142
target_hit_rate_pct,R-20260803-203819-9150C5FD,Fixed Time-Based,93.79084967320262,0.46134058482385504,0.9377476921582029,0.4764071073343478,0.640841364979413,0.4203985920579188,-0.22044277292149422,0.01946369390904534,0.033175116436318715
target_hit_rate_pct,R-20260803-204306-D213B70C,Performance-Based DDA,88.42975206611571,0.46134058482385504,0.38775597748625074,-0.0735846073376043,0.640841364979413,0.686304221356342,0.04546285637692893,0.01946369390904534,0.016052959173296143
target_hit_rate_pct,R-20260803-204802-7FB9A22F,Skill-Specific DDA,98.30508474576271,0.46134058482385504,0.6686114296037604,0.20727084477990537,0.640841364979413,0.5307476364977101,-0.11009372848170296,0.01946369390904534,0.03983199690621347
target_hit_rate_pct,R-20260803-205226-5A31D015,Fixed Time-Based,87.76119402985074,0.46134058482385504,0.5054817868982102,0.04414120207435518,0.640841364979413,0.6169342005732594,-0.02390716440615359,0.01946369390904534,0.02262874637246914
target_hit_rate_pct,R-20260804-075724-00D9EA4C,Performance-Based DDA,85.66308243727599,0.46134058482385504,0.4914653727003286,0.030124787876473547,0.640841364979413,0.6228355088834377,-0.01800585609597527,0.01946369390904534,0.020253026611549076
target_hit_rate_pct,R-20260804-080250-4C74E07B,Skill-Specific DDA,81.67202572347267,0.46134058482385504,0.40999441514429574,-0.051346169679559295,0.640841364979413,0.6727646357803654,0.031923270800952364,0.01946369390904534,0.01701146709478459
target_hit_rate_pct,R-20260719-084347-6A9321AA,Performance-Based DDA,82.93515358361775,0.46134058482385504,0.624840014233429,0.16349942940957402,0.640841364979413,0.5512634484430942,-0.08957791653631886,0.01946369390904534,0.025023014608885615
target_hit_rate_pct,R-20260719-085111-17A32D03,Skill-Specific DDA,82.14285714285714,0.46134058482385504,0.41426962207239526,-0.04707096275145978,0.640841364979413,0.6700822417403738,0.029240876760960766,0.01946369390904534,0.01733501814477914
target_hit_rate_pct,R-20260719-085745-B9C21BFE,Fixed Time-Based,89.1640866873065,0.46134058482385504,0.5715240876517886,0.1101835028279336,0.640841364979413,0.5809354426368883,-0.059905922342524676,0.01946369390904534,0.024571198656450646
target_hit_rate_pct,R-20260719-091012-4EAD5CB0,Skill-Specific DDA,86.68941979522185,0.46134058482385504,0.46217921616928265,0.0008386313454276095,0.640841364979413,0.640857425135,1.6060155586972158e-05,0.01946369390904534,0.02126689785703635
target_hit_rate_pct,R-20260719-091622-92127A6F,Fixed Time-Based,85.35031847133759,0.46134058482385504,0.4172485876920684,-0.04409199713178663,0.640841364979413,0.6691755111656988,0.028334146186285825,0.01946369390904534,0.019941125176774356
target_hit_rate_pct,R-20260719-092328-65D9D1AB,Performance-Based DDA,88.78504672897196,0.46134058482385504,0.37617879354126843,-0.08516179128258661,0.640841364979413,0.6938539482138468,0.05301258323443381,0.01946369390904534,0.015555679315056851
target_hit_rate_pct,R-20260719-093012-4EB0A2D2,Skill-Specific DDA,83.89261744966443,0.46134058482385504,0.43122314500873504,-0.030117439815119995,0.640841364979413,0.6595668072515135,0.01872544227210049,0.01946369390904534,0.018671528621737314
target_hit_rate_pct,R-20260804-072904-22984449,Fixed Time-Based,74.16413373860182,0.46134058482385504,0.2126226258284795,-0.24871795899537555,0.640841364979413,0.8116384117261166,0.1707970467467036,0.01946369390904534,0.017559567733472625
target_hit_rate_pct,R-20260804-075051-71E20E02,Performance-Based DDA,81.57894736842105,0.46134058482385504,0.7073171890989017,0.2459766042750467,0.640841364979413,0.5120403121318825,-0.12880105284753052,0.01946369390904534,0.027658083953756855
target_hit_rate_pct,R-20260804-075716-FEF7CC7F,Skill-Specific DDA,98.50187265917603,0.46134058482385504,0.6737527042918281,0.21241211946797306,0.640841364979413,0.5282999302560726,-0.11254143472334044,0.01946369390904534,0.04029128821260192
shot_accuracy_pct,R-20260719-073723-9A82FD86,Performance-Based DDA,32.66078184110971,1.7068985433545207,1.916009605267036,0.20911106191251516,0.21409374697120817,0.18225669001820624,-0.03183705695300193,0.13384374742214722,0.15793858372660124
shot_accuracy_pct,R-20260719-074245-6E61F985,Skill-Specific DDA,45.45454545454545,1.7068985433545207,1.7644741375244555,0.05757559416993474,0.21409374697120817,0.20443571317520387,-0.0096580337960043,0.13384374742214722,0.14040720997402698
shot_accuracy_pct,R-20260719-084336-9AD97336,Performance-Based DDA,26.69491525423729,1.7068985433545207,2.1824758930329216,0.4755773496784008,0.21409374697120817,0.14791414168973044,-0.06617960528147773,0.13384374742214722,0.17337815901504236
shot_accuracy_pct,R-20260719-084917-0433BF01,Skill-Specific DDA,31.989247311827956,1.7068985433545207,1.6663431794526944,-0.04055536390182635,0.21409374697120817,0.22142868515608885,0.007334938184880679,0.13384374742214722,0.13060189890501056
shot_accuracy_pct,R-20260719-085701-11428E75,Fixed Time-Based,30.4029304029304,1.7068985433545207,1.515065658808316,-0.19183288454620473,0.21409374697120817,0.25545109939772426,0.041357352426516086,0.13384374742214722,0.12636966698620714
shot_accuracy_pct,R-20260719-090242-3BA5890E,Performance-Based DDA,63.3245382585752,1.7068985433545207,1.2111839834501406,-0.4957145599043802,0.21409374697120817,0.3259510987122235,0.11185735174101533,0.13384374742214722,0.10480581312967807
shot_accuracy_pct,R-20260719-090751-C6AEDFB5,Skill-Specific DDA,24.38423645320197,1.7068985433545207,1.628728656787556,-0.07816988656696466,0.21409374697120817,0.22850713857026342,0.014413391599055247,0.13384374742214722,0.12837708680001644
shot_accuracy_pct,R-20260719-091426-075509FD,Fixed Time-Based,23.931623931623932,1.7068985433545207,1.4110881118706058,-0.29581043148391495,0.21409374697120817,0.27792497483646533,0.06383122786525716,0.13384374742214722,0.11875519753271428
shot_accuracy_pct,R-20260719-092039-C2ECB570,Performance-Based DDA,26.48221343873518,1.7068985433545207,2.193355488199345,0.48645694484482416,0.21409374697120817,0.14667631274016785,-0.06741743423104032,0.13384374742214722,0.17397187436496583
shot_accuracy_pct,R-20260803-131118-25C444A0,Skill-Specific DDA,32.5748502994012,1.7068985433545207,1.669691237511621,-0.03720730584289966,0.21409374697120817,0.22081662844816863,0.006722881476960457,0.13384374742214722,0.13087052350863462
shot_accuracy_pct,R-20260803-202931-74AE8E33,Performance-Based DDA,26.325088339222614,1.7068985433545207,2.2014618664253387,0.49456332307081796,0.21409374697120817,0.14576162980269,-0.06833211716851817,0.13384374742214722,0.17441251158461069
shot_accuracy_pct,R-20260803-203352-78E56646,Skill-Specific DDA,23.848019401778497,1.7068985433545207,1.6264548919687483,-0.08044365138577247,0.21409374697120817,0.2289491157044309,0.01485536873322274,0.13384374742214722,0.12830948235901118
shot_accuracy_pct,R-20260803-203819-9150C5FD,Fixed Time-Based,20.5,1.7068985433545207,1.3670010301266908,-0.3398975132278299,0.21409374697120817,0.2879872662687876,0.07389351929757945,0.13384374742214722,0.11553130029939698
shot_accuracy_pct,R-20260803-204306-D213B70C,Performance-Based DDA,36.9815668202765,1.7068985433545207,1.7609840585867746,0.05408551523225391,0.21409374697120817,0.20634815031812062,-0.00774559665308755,0.13384374742214722,0.14806124872213494
shot_accuracy_pct,R-20260803-204802-7FB9A22F,Skill-Specific DDA,21.137026239067055,1.7068985433545207,1.6156585283233627,-0.09124001503115808,0.21409374697120817,0.2310767982405876,0.016983051269379434,0.13384374742214722,0.12815203271385678
shot_accuracy_pct,R-20260803-205226-5A31D015,Fixed Time-Based,25.432525951557096,1.7068985433545207,1.4325584957048336,-0.2743400476496871,0.21409374697120817,0.2731352937572065,0.05904154678599835,0.13384374742214722,0.1203409705663019
shot_accuracy_pct,R-20260804-075724-00D9EA4C,Performance-Based DDA,75.63291139240506,1.7068985433545207,1.1021231372802511,-0.6047754060742696,0.21409374697120817,0.3580389881992517,0.1439452412280435,0.13384374742214722,0.09191883259250477
shot_accuracy_pct,R-20260804-080250-4C74E07B,Skill-Specific DDA,77.91411042944786,1.7068985433545207,2.494998187256061,0.7880996439015404,0.21409374697120817,0.12046560250685391,-0.09362814446435426,0.13384374742214722,0.2074563265554912
shot_accuracy_pct,R-20260719-084347-6A9321AA,Performance-Based DDA,68.25842696629213,1.7068985433545207,1.1579258054917543,-0.5489727378627665,0.21409374697120817,0.3412032027667718,0.12710945579556363,0.13384374742214722,0.09916750060691602
shot_accuracy_pct,R-20260719-085111-17A32D03,Skill-Specific DDA,36.450079239302696,1.7068985433545207,1.6937037969687518,-0.013194746385768896,0.21409374697120817,0.21649984940624128,0.002406102435033114,0.13384374742214722,0.13300095887689248
shot_accuracy_pct,R-20260719-085745-B9C21BFE,Fixed Time-Based,37.11340206185567,1.7068985433545207,1.6635132770471568,-0.043385266307363946,0.21409374697120817,0.22651688349172772,0.012423136520519545,0.13384374742214722,0.13649119111578004
shot_accuracy_pct,R-20260719-091012-4EAD5CB0,Skill-Specific DDA,52.37113402061856,1.7068985433545207,1.8381827057987126,0.13128416244419183,0.21409374697120817,0.19279431392802326,-0.021299433043184907,0.13384374742214722,0.14865854983289065
shot_accuracy_pct,R-20260719-091622-92127A6F,Fixed Time-Based,20.41127189642041,1.7068985433545207,1.3659461195904303,-0.3409524237640904,0.21409374697120817,0.2882315179376324,0.07413777096642424,0.13384374742214722,0.11545532968731252
shot_accuracy_pct,R-20260719-092328-65D9D1AB,Performance-Based DDA,53.97727272727273,1.7068985433545207,1.348517422957761,-0.35838112039675973,0.21409374697120817,0.29003498561271585,0.07594123864150767,0.13384374742214722,0.11737748027787182
shot_accuracy_pct,R-20260719-093012-4EB0A2D2,Skill-Specific DDA,29.832935560859188,1.7068985433545207,1.6546027588302556,-0.05229578452426509,0.21409374697120817,0.22359628156518624,0.009502534593978068,0.13384374742214722,0.12973256786328694
shot_accuracy_pct,R-20260804-072904-22984449,Fixed Time-Based,66.4850136239782,1.7068985433545207,5.413765991490399,3.706867448135878,0.21409374697120817,0.01641544628056786,-0.1976783006906403,0.13384374742214722,0.217077722850034
shot_accuracy_pct,R-20260804-075051-71E20E02,Performance-Based DDA,71.90721649484536,1.7068985433545207,1.1266738883307126,-0.5802246550238082,0.21409374697120817,0.35052223035654817,0.13642848338534,0.13384374742214722,0.09540804901311135
shot_accuracy_pct,R-20260804-075716-FEF7CC7F,Skill-Specific DDA,22.08228379513014,1.7068985433545207,1.619292342353999,-0.08760620100052163,0.21409374697120817,0.23035489468029977,0.016261147709091595,0.13384374742214722,0.12817171088400658
color_match_rate_pct,R-20260719-073723-9A82FD86,Performance-Based DDA,80.6949806949807,2.8896329463399764,3.1701246732272645,0.2804917268872882,0.0892384116947841,0.07423837054794516,-0.015000041146838936,0.20944612250078096,0.22879257070477763
color_match_rate_pct,R-20260719-074245-6E61F985,Skill-Specific DDA,90.0,2.8896329463399764,3.1210697702878734,0.231436823947897,0.0892384116947841,0.07631400117965689,-0.012924410515127202,0.20944612250078096,0.22167231916118324
color_match_rate_pct,R-20260719-084336-9AD97336,Performance-Based DDA,80.95238095238095,2.8896329463399764,3.142399326416171,0.2527663800761948,0.0892384116947841,0.07565818766915049,-0.013580224025633608,0.20944612250078096,0.22764320248194153
color_match_rate_pct,R-20260719-084917-0433BF01,Skill-Specific DDA,86.1344537815126,2.8896329463399764,2.9734818768475924,0.08384893050761599,0.0892384116947841,0.08439668150448941,-0.004841730190294685,0.20944612250078096,0.21432894583796558
color_match_rate_pct,R-20260719-085701-11428E75,Fixed Time-Based,74.29718875502009,2.8896329463399764,2.4700017406092374,-0.419631205730739,0.0892384116947841,0.12680411134546818,0.037565699650684084,0.20944612250078096,0.19294063868613506
color_match_rate_pct,R-20260719-090242-3BA5890E,Performance-Based DDA,97.91666666666666,2.8896329463399764,2.2227584697930993,-0.666874476546877,0.0892384116947841,0.14625550532814272,0.05701709363335862,0.20944612250078096,0.1768592384827053
color_match_rate_pct,R-20260719-090751-C6AEDFB5,Skill-Specific DDA,75.25252525252525,2.8896329463399764,2.7078817113180738,-0.1817512350219026,0.0892384116947841,0.10188974535282434,0.012651333658040248,0.20944612250078096,0.20859766440588026
color_match_rate_pct,R-20260719-091426-075509FD,Fixed Time-Based,62.94642857142857,2.8896329463399764,2.2204110818668115,-0.6692218644731649,0.0892384116947841,0.1506478777799298,0.061409466085145706,0.20944612250078096,0.16738748142502347
color_match_rate_pct,R-20260719-092039-C2ECB570,Performance-Based DDA,84.32835820895522,2.8896329463399764,2.831920439854263,-0.057712506485713355,0.0892384116947841,0.09388172199322493,0.004643310298440839,0.20944612250078096,0.21378091409621025
color_match_rate_pct,R-20260803-131118-25C444A0,Skill-Specific DDA,74.63235294117648,2.8896329463399764,2.6969196006935374,-0.19271334564643894,0.0892384116947841,0.10271395156721684,0.013475539872432746,0.20944612250078096,0.20891591148610614
color_match_rate_pct,R-20260803-202931-74AE8E33,Performance-Based DDA,75.50335570469798,2.8896329463399764,3.9047169418708636,1.0150839955308872,0.0892384116947841,0.04580704756114003,-0.04343136413364407,0.20944612250078096,0.25518706474990743
color_match_rate_pct,R-20260803-203352-78E56646,Skill-Specific DDA,68.13559322033899,2.8896329463399764,2.5984798646313947,-0.2911530817085817,0.0892384116947841,0.11072835008129912,0.02148993838651503,0.20944612250078096,0.21686092927713624
color_match_rate_pct,R-20260803-203819-9150C5FD,Fixed Time-Based,65.1567944250871,2.8896329463399764,2.2496067721020534,-0.640026174237923,0.0892384116947841,0.1478218478204257,0.05858343612564161,0.20944612250078096,0.17061399935767876
color_match_rate_pct,R-20260803-204306-D213B70C,Performance-Based DDA,78.81619937694704,2.8896329463399764,3.3938522953021377,0.5042193489621614,0.0892384116947841,0.06383788136409502,-0.025400530330689078,0.20944612250078096,0.23761262708579958
color_match_rate_pct,R-20260803-204802-7FB9A22F,Skill-Specific DDA,71.03448275862068,2.8896329463399764,2.639111373508048,-0.25052157283192855,0.0892384116947841,0.10725891606446245,0.01802050436967835,0.20944612250078096,0.21222903363460435
color_match_rate_pct,R-20260803-205226-5A31D015,Fixed Time-Based,66.66666666666666,2.8896329463399764,2.27478995122683,-0.6148429951131464,0.0892384116947841,0.1453267658650043,0.05608835417022019,0.20944612250078096,0.17331364040459815
color_match_rate_pct,R-20260804-075724-00D9EA4C,Performance-Based DDA,97.48953974895397,2.8896329463399764,2.230263117572013,-0.6593698287679635,0.0892384116947841,0.14543418361829827,0.05619577192351417,0.20944612250078096,0.17761269153414008
color_match_rate_pct,R-20260804-080250-4C74E07B,Skill-Specific DDA,96.45669291338582,2.8896329463399764,3.4967014828011274,0.607068536461151,0.0892384116947841,0.059819837527388904,-0.02941857416739519,0.20944612250078096,0.24142284111876122
color_match_rate_pct,R-20260719-084347-6A9321AA,Performance-Based DDA,92.5925925925926,2.8896329463399764,2.3666281848412902,-0.5230047614986861,0.0892384116947841,0.13140005747799274,0.04216164578320865,0.20944612250078096,0.18807394995507756
color_match_rate_pct,R-20260719-085111-17A32D03,Skill-Specific DDA,76.95652173913044,2.8896329463399764,2.7397613516773416,-0.14987159466263478,0.0892384116947841,0.09954906697989974,0.010310655285115641,0.20944612250078096,0.20808931063834937
color_match_rate_pct,R-20260719-085745-B9C21BFE,Fixed Time-Based,88.19444444444444,2.8896329463399764,3.364170611161834,0.4745376648218578,0.0892384116947841,0.06879868901291762,-0.020439722681866473,0.20944612250078096,0.25804600474092776
color_match_rate_pct,R-20260719-091012-4EAD5CB0,Skill-Specific DDA,86.22047244094489,2.8896329463399764,2.976350906900302,0.08671796056032566,0.0892384116947841,0.08422954588388973,-0.005008865810894367,0.20944612250078096,0.2144601882969228
color_match_rate_pct,R-20260719-091622-92127A6F,Fixed Time-Based,76.86567164179104,2.8896329463399764,2.566692432988765,-0.3229405133512113,0.0892384116947841,0.11848836803628207,0.029249956341497976,0.20944612250078096,0.20185886891625496
color_match_rate_pct,R-20260719-092328-65D9D1AB,Performance-Based DDA,97.36842105263158,2.8896329463399764,2.2325221179758796,-0.6571108283640967,0.0892384116947841,0.14518806995642286,0.055949658261638766,0.20944612250078096,0.1778309885170325
color_match_rate_pct,R-20260719-093012-4EB0A2D2,Skill-Specific DDA,88.8,2.8896329463399764,3.070783908659878,0.1811509623199017,0.0892384116947841,0.07895335428391202,-0.010285057410872073,0.20944612250078096,0.21906809989938503
color_match_rate_pct,R-20260804-072904-22984449,Fixed Time-Based,96.72131147540983,2.8896329463399764,5.28616599996607,2.396533053626094,0.0892384116947841,0.020769671397710025,-0.06846874029707407,0.20944612250078096,0.3260726785380088
color_match_rate_pct,R-20260804-075051-71E20E02,Performance-Based DDA,96.415770609319,2.8896329463399764,2.2522809780555955,-0.6373519682843809,0.0892384116947841,0.14305638154912323,0.053817969854339134,0.20944612250078096,0.17961937046556922
color_match_rate_pct,R-20260804-075716-FEF7CC7F,Skill-Specific DDA,79.46768060836501,2.8896329463399764,2.7920966017190008,-0.0975363446209756,0.0892384116947841,0.09586805479998664,0.006629643105202546,0.20944612250078096,0.20829677063184796
