outcome,strategy,run_id,value,iqr_low_fence,iqr_high_fence,outside_1_5_iqr,within_group_standardized_residual,absolute_residual_at_least_3
hard_expert_pattern_pct,Fixed Time-Based,R-20260719-085701-11428E75,30.952380952380953,20.748403019744483,61.741434378629506,False,-1.512700776786441,False
hard_expert_pattern_pct,Fixed Time-Based,R-20260719-091426-075509FD,43.90243902439025,20.748403019744483,61.741434378629506,False,0.42774290187543296,False
hard_expert_pattern_pct,Fixed Time-Based,R-20260803-203819-9150C5FD,45.23809523809524,20.748403019744483,61.741434378629506,False,0.6278783485535633,False
hard_expert_pattern_pct,Fixed Time-Based,R-20260803-205226-5A31D015,47.5,20.748403019744483,61.741434378629506,False,0.9668033767323969,False
hard_expert_pattern_pct,Fixed Time-Based,R-20260719-085745-B9C21BFE,47.5,20.748403019744483,61.741434378629506,False,0.9668033767323969,False
hard_expert_pattern_pct,Fixed Time-Based,R-20260719-091622-92127A6F,34.146341463414636,20.748403019744483,61.741434378629506,False,-1.0341160129909115,False
hard_expert_pattern_pct,Fixed Time-Based,R-20260804-072904-22984449,38.095238095238095,20.748403019744483,61.741434378629506,False,-0.44241121411643913,False
hard_expert_pattern_pct,Performance-Based DDA,R-20260719-073723-9A82FD86,33.33333333333333,17.02761627906977,42.78343023255814,False,0.5482583118521486,False
hard_expert_pattern_pct,Performance-Based DDA,R-20260719-084336-9AD97336,32.5,17.02761627906977,42.78343023255814,False,0.4718615757900721,False
hard_expert_pattern_pct,Performance-Based DDA,R-20260719-090242-3BA5890E,25.581395348837212,17.02761627906977,42.78343023255814,False,-0.16240900035321798,False
hard_expert_pattern_pct,Performance-Based DDA,R-20260719-092039-C2ECB570,0.0,17.02761627906977,42.78343023255814,True,-2.5076111306309303,False
hard_expert_pattern_pct,Performance-Based DDA,R-20260803-202931-74AE8E33,33.33333333333333,17.02761627906977,42.78343023255814,False,0.5482583118521486,False
hard_expert_pattern_pct,Performance-Based DDA,R-20260803-204306-D213B70C,38.297872340425535,17.02761627906977,42.78343023255814,False,1.0033878032857995,False
hard_expert_pattern_pct,Performance-Based DDA,R-20260804-075724-00D9EA4C,30.0,17.02761627906977,42.78343023255814,False,0.24267136760384111,False
hard_expert_pattern_pct,Performance-Based DDA,R-20260719-084347-6A9321AA,30.952380952380953,17.02761627906977,42.78343023255814,False,0.32998192310335767,False
hard_expert_pattern_pct,Performance-Based DDA,R-20260719-092328-65D9D1AB,18.91891891891892,17.02761627906977,42.78343023255814,False,-0.7731987443567501,False
hard_expert_pattern_pct,Performance-Based DDA,R-20260804-075051-71E20E02,30.612244897959183,17.02761627906977,42.78343023255814,False,0.2987995818535303,False
hard_expert_pattern_pct,Skill-Specific DDA,R-20260719-074245-6E61F985,17.073170731707318,8.155487804878046,49.740853658536594,False,-1.6428513447162052,False
hard_expert_pattern_pct,Skill-Specific DDA,R-20260719-084917-0433BF01,35.0,8.155487804878046,49.740853658536594,False,0.8883450577669805,False
hard_expert_pattern_pct,Skill-Specific DDA,R-20260719-090751-C6AEDFB5,22.5,8.155487804878046,49.740853658536594,False,-0.876604814712792,False
hard_expert_pattern_pct,Skill-Specific DDA,R-20260803-131118-25C444A0,34.146341463414636,8.155487804878046,49.740853658536594,False,0.7678118957439719,False
hard_expert_pattern_pct,Skill-Specific DDA,R-20260803-203352-78E56646,34.146341463414636,8.155487804878046,49.740853658536594,False,0.7678118957439719,False
hard_expert_pattern_pct,Skill-Specific DDA,R-20260803-204802-7FB9A22F,34.146341463414636,8.155487804878046,49.740853658536594,False,0.7678118957439719,False
hard_expert_pattern_pct,Skill-Specific DDA,R-20260804-080250-4C74E07B,35.0,8.155487804878046,49.740853658536594,False,0.8883450577669805,False
hard_expert_pattern_pct,Skill-Specific DDA,R-20260719-085111-17A32D03,25.0,8.155487804878046,49.740853658536594,False,-0.5236148402168375,False
hard_expert_pattern_pct,Skill-Specific DDA,R-20260719-091012-4EAD5CB0,31.70731707317073,8.155487804878046,49.740853658536594,False,0.42343143282108914,False
hard_expert_pattern_pct,Skill-Specific DDA,R-20260719-093012-4EB0A2D2,30.0,8.155487804878046,49.740853658536594,False,0.1823651087750715,False
hard_expert_pattern_pct,Skill-Specific DDA,R-20260804-075716-FEF7CC7F,17.073170731707318,8.155487804878046,49.740853658536594,False,-1.6428513447162052,False
total_patterns_spawned,Fixed Time-Based,R-20260719-085701-11428E75,42.0,38.25,44.25,False,0.9526610232449304,False
total_patterns_spawned,Fixed Time-Based,R-20260719-091426-075509FD,41.0,38.25,44.25,False,-0.15877683720749233,False
total_patterns_spawned,Fixed Time-Based,R-20260803-203819-9150C5FD,42.0,38.25,44.25,False,0.9526610232449304,False
total_patterns_spawned,Fixed Time-Based,R-20260803-205226-5A31D015,40.0,38.25,44.25,False,-1.2702146976599151,False
total_patterns_spawned,Fixed Time-Based,R-20260719-085745-B9C21BFE,40.0,38.25,44.25,False,-1.2702146976599151,False
total_patterns_spawned,Fixed Time-Based,R-20260719-091622-92127A6F,41.0,38.25,44.25,False,-0.15877683720749233,False
total_patterns_spawned,Fixed Time-Based,R-20260804-072904-22984449,42.0,38.25,44.25,False,0.9526610232449304,False
total_patterns_spawned,Performance-Based DDA,R-20260719-073723-9A82FD86,42.0,35.875,46.875,False,0.16465251283052332,False
total_patterns_spawned,Performance-Based DDA,R-20260719-084336-9AD97336,40.0,35.875,46.875,False,-0.20124196012619575,False
total_patterns_spawned,Performance-Based DDA,R-20260719-090242-3BA5890E,43.0,35.875,46.875,False,0.3475997493088829,False
total_patterns_spawned,Performance-Based DDA,R-20260719-092039-C2ECB570,29.0,35.875,46.875,True,-2.2136615613881507,False
total_patterns_spawned,Performance-Based DDA,R-20260803-202931-74AE8E33,42.0,35.875,46.875,False,0.16465251283052332,False
total_patterns_spawned,Performance-Based DDA,R-20260803-204306-D213B70C,47.0,35.875,46.875,True,1.079388695222321,False
total_patterns_spawned,Performance-Based DDA,R-20260804-075724-00D9EA4C,40.0,35.875,46.875,False,-0.20124196012619575,False
total_patterns_spawned,Performance-Based DDA,R-20260719-084347-6A9321AA,42.0,35.875,46.875,False,0.16465251283052332,False
total_patterns_spawned,Performance-Based DDA,R-20260719-092328-65D9D1AB,37.0,35.875,46.875,False,-0.7500836695612744,False
total_patterns_spawned,Performance-Based DDA,R-20260804-075051-71E20E02,49.0,35.875,46.875,True,1.4452831681790401,False
total_patterns_spawned,Skill-Specific DDA,R-20260719-074245-6E61F985,41.0,38.5,42.5,False,0.8703882797784869,False
total_patterns_spawned,Skill-Specific DDA,R-20260719-084917-0433BF01,40.0,38.5,42.5,False,-1.0444659357341897,False
total_patterns_spawned,Skill-Specific DDA,R-20260719-090751-C6AEDFB5,40.0,38.5,42.5,False,-1.0444659357341897,False
total_patterns_spawned,Skill-Specific DDA,R-20260803-131118-25C444A0,41.0,38.5,42.5,False,0.8703882797784869,False
total_patterns_spawned,Skill-Specific DDA,R-20260803-203352-78E56646,41.0,38.5,42.5,False,0.8703882797784869,False
total_patterns_spawned,Skill-Specific DDA,R-20260803-204802-7FB9A22F,41.0,38.5,42.5,False,0.8703882797784869,False
total_patterns_spawned,Skill-Specific DDA,R-20260804-080250-4C74E07B,40.0,38.5,42.5,False,-1.0444659357341897,False
total_patterns_spawned,Skill-Specific DDA,R-20260719-085111-17A32D03,40.0,38.5,42.5,False,-1.0444659357341897,False
total_patterns_spawned,Skill-Specific DDA,R-20260719-091012-4EAD5CB0,41.0,38.5,42.5,False,0.8703882797784869,False
total_patterns_spawned,Skill-Specific DDA,R-20260719-093012-4EB0A2D2,40.0,38.5,42.5,False,-1.0444659357341897,False
total_patterns_spawned,Skill-Specific DDA,R-20260804-075716-FEF7CC7F,41.0,38.5,42.5,False,0.8703882797784869,False
resolved_targets,Fixed Time-Based,R-20260719-085701-11428E75,286.0,274.75,356.75,False,-1.675315665051107,False
resolved_targets,Fixed Time-Based,R-20260719-091426-075509FD,305.0,274.75,356.75,False,-0.5384943209092844,False
resolved_targets,Fixed Time-Based,R-20260803-203819-9150C5FD,306.0,274.75,356.75,False,-0.47866161858603057,False
resolved_targets,Fixed Time-Based,R-20260803-205226-5A31D015,335.0,274.75,356.75,False,1.2564867487883302,False
resolved_targets,Fixed Time-Based,R-20260719-085745-B9C21BFE,323.0,274.75,356.75,False,0.5384943209092844,False
resolved_targets,Fixed Time-Based,R-20260719-091622-92127A6F,314.0,274.75,356.75,False,0.0,False
resolved_targets,Fixed Time-Based,R-20260804-072904-22984449,329.0,274.75,356.75,False,0.8974905348488074,False
resolved_targets,Performance-Based DDA,R-20260719-073723-9A82FD86,287.0,233.875,354.875,False,0.084923499511502,False
resolved_targets,Performance-Based DDA,R-20260719-084336-9AD97336,288.0,233.875,354.875,False,0.10190819941380241,False
resolved_targets,Performance-Based DDA,R-20260719-090242-3BA5890E,280.0,233.875,354.875,False,-0.0339693998046008,False
resolved_targets,Performance-Based DDA,R-20260719-092039-C2ECB570,159.0,233.875,354.875,True,-2.0891180879829494,False
resolved_targets,Performance-Based DDA,R-20260803-202931-74AE8E33,315.0,233.875,354.875,False,0.5604950967759132,False
resolved_targets,Performance-Based DDA,R-20260803-204306-D213B70C,363.0,233.875,354.875,True,1.3757606920863326,False
resolved_targets,Performance-Based DDA,R-20260804-075724-00D9EA4C,279.0,233.875,354.875,False,-0.05095409970690121,False
resolved_targets,Performance-Based DDA,R-20260719-084347-6A9321AA,293.0,233.875,354.875,False,0.1868316989253044,False
resolved_targets,Performance-Based DDA,R-20260719-092328-65D9D1AB,214.0,233.875,354.875,True,-1.1549595933564274,False
resolved_targets,Performance-Based DDA,R-20260804-075051-71E20E02,342.0,233.875,354.875,False,1.019081994138024,False
resolved_targets,Skill-Specific DDA,R-20260719-074245-6E61F985,274.0,249.25,327.25,False,-1.109225675294287,False
resolved_targets,Skill-Specific DDA,R-20260719-084917-0433BF01,298.0,249.25,327.25,False,0.5737374182556664,False
resolved_targets,Skill-Specific DDA,R-20260719-090751-C6AEDFB5,277.0,249.25,327.25,False,-0.898855288600543,False
resolved_targets,Skill-Specific DDA,R-20260803-131118-25C444A0,286.0,249.25,327.25,False,-0.2677441285193104,False
resolved_targets,Skill-Specific DDA,R-20260803-203352-78E56646,309.0,249.25,327.25,False,1.345095502799395,False
resolved_targets,Skill-Specific DDA,R-20260803-204802-7FB9A22F,295.0,249.25,327.25,False,0.3633670315619221,False
resolved_targets,Skill-Specific DDA,R-20260804-080250-4C74E07B,311.0,249.25,327.25,False,1.4853424272618911,False
resolved_targets,Skill-Specific DDA,R-20260719-085111-17A32D03,280.0,249.25,327.25,False,-0.6884849019067988,False
resolved_targets,Skill-Specific DDA,R-20260719-091012-4EAD5CB0,293.0,249.25,327.25,False,0.223120107099426,False
resolved_targets,Skill-Specific DDA,R-20260719-093012-4EB0A2D2,298.0,249.25,327.25,False,0.5737374182556664,False
resolved_targets,Skill-Specific DDA,R-20260804-075716-FEF7CC7F,267.0,249.25,327.25,False,-1.6000899109130235,False
normalized_target_score_pct,Fixed Time-Based,R-20260719-085701-11428E75,75.87412587412588,67.60949108239566,82.09439036358879,False,0.24519686006608493,False
normalized_target_score_pct,Fixed Time-Based,R-20260719-091426-075509FD,59.83606557377049,67.60949108239566,82.09439036358879,True,-1.9576245175775335,False
normalized_target_score_pct,Fixed Time-Based,R-20260803-203819-9150C5FD,77.45098039215686,67.60949108239566,82.09439036358879,False,0.46177721808329514,False
normalized_target_score_pct,Fixed Time-Based,R-20260803-205226-5A31D015,73.13432835820896,67.60949108239566,82.09439036358879,False,-0.13111326880548035,False
normalized_target_score_pct,Fixed Time-Based,R-20260719-085745-B9C21BFE,83.90092879256966,67.60949108239566,82.09439036358879,True,1.3476751356022063,False
normalized_target_score_pct,Fixed Time-Based,R-20260719-091622-92127A6F,75.47770700636943,67.60949108239566,82.09439036358879,False,0.1907488819414584,False
normalized_target_score_pct,Fixed Time-Based,R-20260804-072904-22984449,72.94832826747721,67.60949108239566,82.09439036358879,False,-0.15666030931002803,False
normalized_target_score_pct,Performance-Based DDA,R-20260719-073723-9A82FD86,81.53310104529616,72.05993306438504,91.4757657118042,False,-0.0671657759700882,False
normalized_target_score_pct,Performance-Based DDA,R-20260719-084336-9AD97336,79.16666666666666,72.05993306438504,91.4757657118042,False,-0.8142726338989078,False
normalized_target_score_pct,Performance-Based DDA,R-20260719-090242-3BA5890E,84.82142857142857,72.05993306438504,91.4757657118042,False,0.9709919131150487,False
normalized_target_score_pct,Performance-Based DDA,R-20260719-092039-C2ECB570,77.67295597484278,72.05993306438504,91.4757657118042,False,-1.285851948204474,False
normalized_target_score_pct,Performance-Based DDA,R-20260803-202931-74AE8E33,83.01587301587303,72.05993306438504,91.4757657118042,False,0.4009600752965621,False
normalized_target_score_pct,Performance-Based DDA,R-20260803-204306-D213B70C,79.06336088154269,72.05993306438504,91.4757657118042,False,-0.8468872972197362,False
normalized_target_score_pct,Performance-Based DDA,R-20260804-075724-00D9EA4C,84.58781362007169,72.05993306438504,91.4757657118042,False,0.8972373506181516,False
normalized_target_score_pct,Performance-Based DDA,R-20260719-084347-6A9321AA,79.86348122866895,72.05993306438504,91.4757657118042,False,-0.5942813496791135,False
normalized_target_score_pct,Performance-Based DDA,R-20260719-092328-65D9D1AB,87.61682242990653,72.05993306438504,91.4757657118042,False,1.8535255430948914,False
normalized_target_score_pct,Performance-Based DDA,R-20260804-075051-71E20E02,80.11695906432749,72.05993306438504,91.4757657118042,False,-0.5142558771523298,False
normalized_target_score_pct,Skill-Specific DDA,R-20260719-074245-6E61F985,52.00729927007299,60.94027691763311,94.442779122577,True,-2.296320000846283,False
normalized_target_score_pct,Skill-Specific DDA,R-20260719-084917-0433BF01,74.32885906040269,60.94027691763311,94.442779122577,False,-0.17237477275908802,False
normalized_target_score_pct,Skill-Specific DDA,R-20260719-090751-C6AEDFB5,62.63537906137184,60.94027691763311,94.442779122577,False,-1.2850349666239624,False
normalized_target_score_pct,Skill-Specific DDA,R-20260803-131118-25C444A0,83.04195804195804,60.94027691763311,94.442779122577,False,0.6566956496288331,False
normalized_target_score_pct,Skill-Specific DDA,R-20260803-203352-78E56646,80.2588996763754,60.94027691763311,94.442779122577,False,0.3918815599957146,False
normalized_target_score_pct,Skill-Specific DDA,R-20260803-204802-7FB9A22F,84.06779661016948,60.94027691763311,94.442779122577,False,0.7543064327553964,False
normalized_target_score_pct,Skill-Specific DDA,R-20260804-080250-4C74E07B,80.22508038585208,60.94027691763311,94.442779122577,False,0.38866358054450123,False
normalized_target_score_pct,Skill-Specific DDA,R-20260719-085111-17A32D03,72.67857142857143,60.94027691763311,94.442779122577,False,-0.3294032498692691,False
normalized_target_score_pct,Skill-Specific DDA,R-20260719-091012-4EAD5CB0,80.71672354948805,60.94027691763311,94.442779122577,False,0.4354445027172742,False
normalized_target_score_pct,Skill-Specific DDA,R-20260719-093012-4EB0A2D2,79.19463087248322,60.94027691763311,94.442779122577,False,0.2906140559027358,False
normalized_target_score_pct,Skill-Specific DDA,R-20260804-075716-FEF7CC7F,88.38951310861424,60.94027691763311,94.442779122577,False,1.1655272085541413,False
wall_contact_pct,Fixed Time-Based,R-20260719-085701-11428E75,1.1110158675733852,-4.925012279571823,10.796385495833803,False,-0.7847518293580703,False
wall_contact_pct,Fixed Time-Based,R-20260719-091426-075509FD,4.2453998247552285,-4.925012279571823,10.796385495833803,False,0.5013206226693332,False
wall_contact_pct,Fixed Time-Based,R-20260803-203819-9150C5FD,5.556322835358158,-4.925012279571823,10.796385495833803,False,1.0392068528493472,False
wall_contact_pct,Fixed Time-Based,R-20260803-205226-5A31D015,6.655047121067092,-4.925012279571823,10.796385495833803,False,1.490025596030455,False
wall_contact_pct,Fixed Time-Based,R-20260719-085745-B9C21BFE,0.830007904837189,-4.925012279571823,10.796385495833803,False,-0.900052508729943,False
wall_contact_pct,Fixed Time-Based,R-20260719-091622-92127A6F,0.793953191529896,-4.925012279571823,10.796385495833803,False,-0.9148461569184521,False
wall_contact_pct,Fixed Time-Based,R-20260804-072904-22984449,1.9734085108004114,-4.925012279571823,10.796385495833803,False,-0.4309025765426692,False
wall_contact_pct,Performance-Based DDA,R-20260719-073723-9A82FD86,1.3286283697872765,-1.2251214427211288,3.4061361802875947,False,0.034927039939076504,False
wall_contact_pct,Performance-Based DDA,R-20260719-084336-9AD97336,0.13095924072213308,-1.2251214427211288,3.4061361802875947,False,-0.7990195546295299,False
wall_contact_pct,Performance-Based DDA,R-20260719-090242-3BA5890E,0.05333333333333334,-1.2251214427211288,3.4061361802875947,False,-0.8530710948639503,False
wall_contact_pct,Performance-Based DDA,R-20260719-092039-C2ECB570,4.735962359933139,-1.2251214427211288,3.4061361802875947,True,2.40748095210178,False
wall_contact_pct,Performance-Based DDA,R-20260803-202931-74AE8E33,0.6200265725673958,-1.2251214427211288,3.4061361802875947,False,-0.45847805947930526,False
wall_contact_pct,Performance-Based DDA,R-20260803-204306-D213B70C,0.5043481573909151,-1.2251214427211288,3.4061361802875947,False,-0.5390258652633786,False
wall_contact_pct,Performance-Based DDA,R-20260804-075724-00D9EA4C,1.7830099722833386,-1.2251214427211288,3.4061361802875947,False,0.3513165842967874,False
wall_contact_pct,Performance-Based DDA,R-20260719-084347-6A9321AA,0.5986398445536633,-1.2251214427211288,3.4061361802875947,False,-0.47336980926494004,False
wall_contact_pct,Performance-Based DDA,R-20260719-092328-65D9D1AB,2.4964163424309818,-1.2251214427211288,3.4061361802875947,False,0.8480671462759279,False
wall_contact_pct,Performance-Based DDA,R-20260804-075051-71E20E02,0.5333561914558244,-1.2251214427211288,3.4061361802875947,False,-0.5188273391124676,False
wall_contact_pct,Skill-Specific DDA,R-20260719-074245-6E61F985,6.65828547482309,-3.0631288954399296,6.82023355592303,False,1.628556682074566,False
wall_contact_pct,Skill-Specific DDA,R-20260719-084917-0433BF01,0.04000190485261203,-3.0631288954399296,6.82023355592303,False,-0.8814771806542543,False
wall_contact_pct,Skill-Specific DDA,R-20260719-090751-C6AEDFB5,0.5533754952758305,-3.0631288954399296,6.82023355592303,False,-0.6867763820907528,False
wall_contact_pct,Skill-Specific DDA,R-20260803-131118-25C444A0,2.607279428922467,-3.0631288954399296,6.82023355592303,False,0.09218214540975173,False
wall_contact_pct,Skill-Specific DDA,R-20260803-203352-78E56646,0.7328885523665298,-3.0631288954399296,6.82023355592303,False,-0.6186947039130319,False
wall_contact_pct,Skill-Specific DDA,R-20260803-204802-7FB9A22F,3.620665844401373,-3.0631288954399296,6.82023355592303,False,0.4765165716985875,False
wall_contact_pct,Skill-Specific DDA,R-20260804-080250-4C74E07B,1.8983393102922754,-3.0631288954399296,6.82023355592303,False,-0.1766887310940644,False
wall_contact_pct,Skill-Specific DDA,R-20260719-085111-17A32D03,1.0930861704357104,-3.0631288954399296,6.82023355592303,False,-0.4820870458897087,False
wall_contact_pct,Skill-Specific DDA,R-20260719-091012-4EAD5CB0,0.8052380952380953,-3.0631288954399296,6.82023355592303,False,-0.5912555951712181,False
wall_contact_pct,Skill-Specific DDA,R-20260719-093012-4EB0A2D2,0.2238095238095238,-3.0631288954399296,6.82023355592303,False,-0.8117667575616604,False
wall_contact_pct,Skill-Specific DDA,R-20260804-075716-FEF7CC7F,7.773449405669003,-3.0631288954399296,6.82023355592303,True,2.0514909971917867,False
final_score,Fixed Time-Based,R-20260719-085701-11428E75,4340.0,4075.0,5315.0,False,-0.5780252489679512,False
final_score,Fixed Time-Based,R-20260719-091426-075509FD,3650.0,4075.0,5315.0,True,-1.8413112003322982,False
final_score,Fixed Time-Based,R-20260803-203819-9150C5FD,4740.0,4075.0,5315.0,False,0.15431443298239508,False
final_score,Fixed Time-Based,R-20260803-205226-5A31D015,4900.0,4075.0,5315.0,False,0.44725030576253355,False
final_score,Fixed Time-Based,R-20260719-085745-B9C21BFE,5420.0,4075.0,5315.0,True,1.3992918922979836,False
final_score,Fixed Time-Based,R-20260719-091622-92127A6F,4740.0,4075.0,5315.0,False,0.15431443298239508,False
final_score,Fixed Time-Based,R-20260804-072904-22984449,4800.0,4075.0,5315.0,False,0.26416538527494704,False
final_score,Performance-Based DDA,R-20260719-073723-9A82FD86,4680.0,3810.0,5890.0,False,0.07958451411346405,False
final_score,Performance-Based DDA,R-20260719-084336-9AD97336,4560.0,3810.0,5890.0,False,-0.04947145471918036,False
final_score,Performance-Based DDA,R-20260719-090242-3BA5890E,4750.0,3810.0,5890.0,False,0.1548671625991733,False
final_score,Performance-Based DDA,R-20260719-092039-C2ECB570,2470.0,3810.0,5890.0,True,-2.2971962452210706,False
final_score,Performance-Based DDA,R-20260803-202931-74AE8E33,5230.0,3810.0,5890.0,False,0.6710910379297509,False
final_score,Performance-Based DDA,R-20260803-204306-D213B70C,5740.0,3810.0,5890.0,False,1.2195789054684896,False
final_score,Performance-Based DDA,R-20260804-075724-00D9EA4C,4720.0,3810.0,5890.0,False,0.12260317039101219,False
final_score,Performance-Based DDA,R-20260719-084347-6A9321AA,4680.0,3810.0,5890.0,False,0.07958451411346405,False
final_score,Performance-Based DDA,R-20260719-092328-65D9D1AB,3750.0,3810.0,5890.0,True,-0.9205992443395301,False
final_score,Performance-Based DDA,R-20260804-075051-71E20E02,5480.0,3810.0,5890.0,False,0.9399576396644268,False
final_score,Skill-Specific DDA,R-20260719-074245-6E61F985,2850.0,3342.5,5762.5,True,-2.2740625287139347,False
final_score,Skill-Specific DDA,R-20260719-084917-0433BF01,4430.0,3342.5,5762.5,False,0.010515896086538065,False
final_score,Skill-Specific DDA,R-20260719-090751-C6AEDFB5,3470.0,3342.5,5762.5,False,-1.3775823873365338,False
final_score,Skill-Specific DDA,R-20260803-131118-25C444A0,4750.0,3342.5,5762.5,False,0.4732153238942287,False
final_score,Skill-Specific DDA,R-20260803-203352-78E56646,4960.0,3342.5,5762.5,False,0.7768618233930257,False
final_score,Skill-Specific DDA,R-20260803-204802-7FB9A22F,4960.0,3342.5,5762.5,False,0.7768618233930257,False
final_score,Skill-Specific DDA,R-20260804-080250-4C74E07B,4990.0,3342.5,5762.5,False,0.8202398947499967,False
final_score,Skill-Specific DDA,R-20260719-085111-17A32D03,4070.0,3342.5,5762.5,False,-0.510020960197114,False
final_score,Skill-Specific DDA,R-20260719-091012-4EAD5CB0,4730.0,3342.5,5762.5,False,0.44429660965624806,False
final_score,Skill-Specific DDA,R-20260719-093012-4EB0A2D2,4720.0,3342.5,5762.5,False,0.4298372525372577,False
final_score,Skill-Specific DDA,R-20260804-075716-FEF7CC7F,4720.0,3342.5,5762.5,False,0.4298372525372577,False
target_hit_rate_pct,Fixed Time-Based,R-20260719-085701-11428E75,87.06293706293707,66.69910472455632,101.52076173899201,False,0.3473758399981551,False
target_hit_rate_pct,Fixed Time-Based,R-20260719-091426-075509FD,73.44262295081967,66.69910472455632,101.52076173899201,False,-1.4233062773517597,False
target_hit_rate_pct,Fixed Time-Based,R-20260803-203819-9150C5FD,93.79084967320262,66.69910472455632,101.52076173899201,False,1.2220248714394875,False
target_hit_rate_pct,Fixed Time-Based,R-20260803-205226-5A31D015,87.76119402985074,66.69910472455632,101.52076173899201,False,0.4381513620934254,False
target_hit_rate_pct,Fixed Time-Based,R-20260719-085745-B9C21BFE,89.1640866873065,66.69910472455632,101.52076173899201,False,0.6205316596893835,False
target_hit_rate_pct,Fixed Time-Based,R-20260719-091622-92127A6F,85.35031847133759,66.69910472455632,101.52076173899201,False,0.12473023219324329,False
target_hit_rate_pct,Fixed Time-Based,R-20260804-072904-22984449,74.16413373860182,66.69910472455632,101.52076173899201,False,-1.329507688061935,False
target_hit_rate_pct,Performance-Based DDA,R-20260719-073723-9A82FD86,90.2439024390244,78.51395985293894,94.80558098944928,False,0.8587426932892089,False
target_hit_rate_pct,Performance-Based DDA,R-20260719-084336-9AD97336,87.5,78.51395985293894,94.80558098944928,False,0.1383569338676784,False
target_hit_rate_pct,Performance-Based DDA,R-20260719-090242-3BA5890E,85.71428571428571,78.51395985293894,94.80558098944928,False,-0.3304655444860168,False
target_hit_rate_pct,Performance-Based DDA,R-20260719-092039-C2ECB570,84.27672955974843,78.51395985293894,94.80558098944928,False,-0.7078823824059686,False
target_hit_rate_pct,Performance-Based DDA,R-20260803-202931-74AE8E33,94.6031746031746,78.51395985293894,94.80558098944928,False,2.0032285699857013,False
target_hit_rate_pct,Performance-Based DDA,R-20260803-204306-D213B70C,88.42975206611571,78.51395985293894,94.80558098944928,False,0.3824545878865458,False
target_hit_rate_pct,Performance-Based DDA,R-20260804-075724-00D9EA4C,85.66308243727599,78.51395985293894,94.80558098944928,False,-0.34390848293343207,False
target_hit_rate_pct,Performance-Based DDA,R-20260719-084347-6A9321AA,82.93515358361775,78.51395985293894,94.80558098944928,False,-1.0601005278624118,False
target_hit_rate_pct,Performance-Based DDA,R-20260719-092328-65D9D1AB,88.78504672897196,78.51395985293894,94.80558098944928,False,0.4757338575427664,False
target_hit_rate_pct,Performance-Based DDA,R-20260804-075051-71E20E02,81.57894736842105,78.51395985293894,94.80558098944928,False,-1.4161597048840417,False
target_hit_rate_pct,Skill-Specific DDA,R-20260719-074245-6E61F985,54.74452554744526,58.99163384319737,117.064340308742,True,-2.2612899878258537,False
target_hit_rate_pct,Skill-Specific DDA,R-20260719-084917-0433BF01,79.86577181208054,58.99163384319737,117.064340308742,False,-0.3426177801749841,False
target_hit_rate_pct,Skill-Specific DDA,R-20260719-090751-C6AEDFB5,71.48014440433214,58.99163384319737,117.064340308742,False,-0.9830824323452116,False
target_hit_rate_pct,Skill-Specific DDA,R-20260803-131118-25C444A0,95.1048951048951,58.99163384319737,117.064340308742,False,0.8212927210348896,False
target_hit_rate_pct,Skill-Specific DDA,R-20260803-203352-78E56646,95.46925566343042,58.99163384319737,117.064340308742,False,0.8491212956948179,False
target_hit_rate_pct,Skill-Specific DDA,R-20260803-204802-7FB9A22F,98.30508474576271,58.99163384319737,117.064340308742,False,1.0657119213589081,False
target_hit_rate_pct,Skill-Specific DDA,R-20260804-080250-4C74E07B,81.67202572347267,58.99163384319737,117.064340308742,False,-0.2046624755996887,False
target_hit_rate_pct,Skill-Specific DDA,R-20260719-085111-17A32D03,82.14285714285714,58.99163384319737,117.064340308742,False,-0.16870203202354658,False
target_hit_rate_pct,Skill-Specific DDA,R-20260719-091012-4EAD5CB0,86.68941979522185,58.99163384319737,117.064340308742,False,0.17854839136472342,False
target_hit_rate_pct,Skill-Specific DDA,R-20260719-093012-4EB0A2D2,83.89261744966443,58.99163384319737,117.064340308742,False,-0.03506150975980985,False
target_hit_rate_pct,Skill-Specific DDA,R-20260804-075716-FEF7CC7F,98.50187265917603,58.99163384319737,117.064340308742,False,1.0807418882757671,False
shot_accuracy_pct,Fixed Time-Based,R-20260719-085701-11428E75,30.4029304029304,4.902280565940359,51.071697632264645,False,-0.100451344872068,False
shot_accuracy_pct,Fixed Time-Based,R-20260719-091426-075509FD,23.931623931623932,4.902280565940359,51.071697632264645,False,-0.49764572015853403,False
shot_accuracy_pct,Fixed Time-Based,R-20260803-203819-9150C5FD,20.5,4.902280565940359,51.071697632264645,False,-0.7082711525628007,False
shot_accuracy_pct,Fixed Time-Based,R-20260803-205226-5A31D015,25.432525951557096,4.902280565940359,51.071697632264645,False,-0.40552369768643287,False
shot_accuracy_pct,Fixed Time-Based,R-20260719-085745-B9C21BFE,37.11340206185567,4.902280565940359,51.071697632264645,False,0.3114224568498057,False
shot_accuracy_pct,Fixed Time-Based,R-20260719-091622-92127A6F,20.41127189642041,4.902280565940359,51.071697632264645,False,-0.7137170859037592,False
shot_accuracy_pct,Fixed Time-Based,R-20260804-072904-22984449,66.4850136239782,4.902280565940359,51.071697632264645,True,2.114186544333789,False
shot_accuracy_pct,Performance-Based DDA,R-20260719-073723-9A82FD86,32.66078184110971,-30.07147743165587,125.28281412197418,False,-0.7615473826124255,False
shot_accuracy_pct,Performance-Based DDA,R-20260719-084336-9AD97336,26.69491525423729,-30.07147743165587,125.28281412197418,False,-1.0534629799346338,False
shot_accuracy_pct,Performance-Based DDA,R-20260719-090242-3BA5890E,63.3245382585752,-30.07147743165587,125.28281412197418,False,0.7388597485902486,False
shot_accuracy_pct,Performance-Based DDA,R-20260719-092039-C2ECB570,26.48221343873518,-30.07147743165587,125.28281412197418,False,-1.0638706846024595,False
shot_accuracy_pct,Performance-Based DDA,R-20260803-202931-74AE8E33,26.325088339222614,-30.07147743165587,125.28281412197418,False,-1.0715589670356351,False
shot_accuracy_pct,Performance-Based DDA,R-20260803-204306-D213B70C,36.9815668202765,-30.07147743165587,125.28281412197418,False,-0.5501272125955945,False
shot_accuracy_pct,Performance-Based DDA,R-20260804-075724-00D9EA4C,75.63291139240506,-30.07147743165587,125.28281412197418,False,1.3411202991920317,False
shot_accuracy_pct,Performance-Based DDA,R-20260719-084347-6A9321AA,68.25842696629213,-30.07147743165587,125.28281412197418,False,0.9802796744738991,False
shot_accuracy_pct,Performance-Based DDA,R-20260719-092328-65D9D1AB,53.97727272727273,-30.07147743165587,125.28281412197418,False,0.28148904457490553,False
shot_accuracy_pct,Performance-Based DDA,R-20260804-075051-71E20E02,71.90721649484536,-30.07147743165587,125.28281412197418,False,1.1588184599496614,False
shot_accuracy_pct,Skill-Specific DDA,R-20260719-074245-6E61F985,45.45454545454545,-1.1381487016605298,66.20658897607484,False,0.5464719350145159,False
shot_accuracy_pct,Skill-Specific DDA,R-20260719-084917-0433BF01,31.989247311827956,-1.1381487016605298,66.20658897607484,False,-0.24738121158653234,False
shot_accuracy_pct,Skill-Specific DDA,R-20260719-090751-C6AEDFB5,24.38423645320197,-1.1381487016605298,66.20658897607484,False,-0.6957382948138755,False
shot_accuracy_pct,Skill-Specific DDA,R-20260803-131118-25C444A0,32.5748502994012,-1.1381487016605298,66.20658897607484,False,-0.21285670500548662,False
shot_accuracy_pct,Skill-Specific DDA,R-20260803-203352-78E56646,23.848019401778497,-1.1381487016605298,66.20658897607484,False,-0.7273512297093335,False
shot_accuracy_pct,Skill-Specific DDA,R-20260803-204802-7FB9A22F,21.137026239067055,-1.1381487016605298,66.20658897607484,False,-0.8871791391861359,False
shot_accuracy_pct,Skill-Specific DDA,R-20260804-080250-4C74E07B,77.91411042944786,-1.1381487016605298,66.20658897607484,True,2.4601412440423114,False
shot_accuracy_pct,Skill-Specific DDA,R-20260719-085111-17A32D03,36.450079239302696,-1.1381487016605298,66.20658897607484,False,0.015609286251012369,False
shot_accuracy_pct,Skill-Specific DDA,R-20260719-091012-4EAD5CB0,52.37113402061856,-1.1381487016605298,66.20658897607484,False,0.9542427499438207,False
shot_accuracy_pct,Skill-Specific DDA,R-20260719-093012-4EB0A2D2,29.832935560859188,-1.1381487016605298,66.20658897607484,False,-0.3745076108995079,False
shot_accuracy_pct,Skill-Specific DDA,R-20260804-075716-FEF7CC7F,22.08228379513014,-1.1381487016605298,66.20658897607484,False,-0.8314510240507915,False
color_match_rate_pct,Fixed Time-Based,R-20260719-085701-11428E75,74.29718875502009,40.984239300015574,107.45754928897905,False,-0.12182899094722395,False
color_match_rate_pct,Fixed Time-Based,R-20260719-091426-075509FD,62.94642857142857,40.984239300015574,107.45754928897905,False,-1.020769888786225,False
color_match_rate_pct,Fixed Time-Based,R-20260803-203819-9150C5FD,65.1567944250871,40.984239300015574,107.45754928897905,False,-0.8457165678718401,False
color_match_rate_pct,Fixed Time-Based,R-20260803-205226-5A31D015,66.66666666666666,40.984239300015574,107.45754928897905,False,-0.7261399151618495,False
color_match_rate_pct,Fixed Time-Based,R-20260719-085745-B9C21BFE,88.19444444444444,40.984239300015574,107.45754928897905,False,0.9787855322112082,False
color_match_rate_pct,Fixed Time-Based,R-20260719-091622-92127A6F,76.86567164179104,40.984239300015574,107.45754928897905,False,0.08158595879823179,False
color_match_rate_pct,Fixed Time-Based,R-20260804-072904-22984449,96.72131147540983,40.984239300015574,107.45754928897905,False,1.654083871757702,False
color_match_rate_pct,Performance-Based DDA,R-20260719-073723-9A82FD86,80.6949806949807,56.20293923562176,121.68664996551243,False,-0.8372533561304325,False
color_match_rate_pct,Performance-Based DDA,R-20260719-084336-9AD97336,80.95238095238095,56.20293923562176,121.68664996551243,False,-0.8085679241082845,False
color_match_rate_pct,Performance-Based DDA,R-20260719-090242-3BA5890E,97.91666666666666,56.20293923562176,121.68664996551243,False,1.0819813301014694,False
color_match_rate_pct,Performance-Based DDA,R-20260719-092039-C2ECB570,84.32835820895522,56.20293923562176,121.68664996551243,False,-0.4323392168028605,False
color_match_rate_pct,Performance-Based DDA,R-20260803-202931-74AE8E33,75.50335570469798,56.20293923562176,121.68664996551243,False,-1.415823118442938,False
color_match_rate_pct,Performance-Based DDA,R-20260803-204306-D213B70C,78.81619937694704,56.20293923562176,121.68664996551243,False,-1.0466302010771464,False
color_match_rate_pct,Performance-Based DDA,R-20260804-075724-00D9EA4C,97.48953974895397,56.20293923562176,121.68664996551243,False,1.0343810662686914,False
color_match_rate_pct,Performance-Based DDA,R-20260719-084347-6A9321AA,92.5925925925926,56.20293923562176,121.68664996551243,False,0.48865105733778547,False
color_match_rate_pct,Performance-Based DDA,R-20260719-092328-65D9D1AB,97.36842105263158,56.20293923562176,121.68664996551243,False,1.0208832470937677,False
color_match_rate_pct,Performance-Based DDA,R-20260804-075051-71E20E02,96.415770609319,56.20293923562176,121.68664996551243,False,0.9147171157599546,False
color_match_rate_pct,Skill-Specific DDA,R-20260719-074245-6E61F985,90.0,56.09074341141848,106.36193190590484,False,0.9905361329692505,False
color_match_rate_pct,Skill-Specific DDA,R-20260719-084917-0433BF01,86.1344537815126,56.09074341141848,106.36193190590484,False,0.5559170807693308,False
color_match_rate_pct,Skill-Specific DDA,R-20260719-090751-C6AEDFB5,75.25252525252525,56.09074341141848,106.36193190590484,False,-0.6675823151909179,False
color_match_rate_pct,Skill-Specific DDA,R-20260803-131118-25C444A0,74.63235294117648,56.09074341141848,106.36193190590484,False,-0.7373108055320595,False
color_match_rate_pct,Skill-Specific DDA,R-20260803-203352-78E56646,68.13559322033899,56.09074341141848,106.36193190590484,False,-1.4677678723074497,False
color_match_rate_pct,Skill-Specific DDA,R-20260803-204802-7FB9A22F,71.03448275862068,56.09074341141848,106.36193190590484,False,-1.1418339544733842,False
color_match_rate_pct,Skill-Specific DDA,R-20260804-080250-4C74E07B,96.45669291338582,56.09074341141848,106.36193190590484,False,1.716488325945425,False
color_match_rate_pct,Skill-Specific DDA,R-20260719-085111-17A32D03,76.95652173913044,56.09074341141848,106.36193190590484,False,-0.4759950734142209,False
color_match_rate_pct,Skill-Specific DDA,R-20260719-091012-4EAD5CB0,86.22047244094489,56.09074341141848,106.36193190590484,False,0.5655885078124657,False
color_match_rate_pct,Skill-Specific DDA,R-20260719-093012-4EB0A2D2,88.8,56.09074341141848,106.36193190590484,False,0.8556152619819707,False
color_match_rate_pct,Skill-Specific DDA,R-20260804-075716-FEF7CC7F,79.46768060836501,56.09074341141848,106.36193190590484,False,-0.1936552885604202,False
