experienceLabel,schemaVersion,participantId,runId,dataCollectionConsent,attemptIndex,ddaAlgorithm,age,experience,startedUtc,endedUtc,actualRunDurationSeconds,finalScore,actualMinScrollSpeedReached,actualMaxScrollSpeedReached,actualMinPatternGapReached,actualMaxPatternGapReached,totalPatternsSpawned,veryEasyPatternsSpawned,easyPatternsSpawned,mediumPatternsSpawned,hardPatternsSpawned,expertPatternsSpawned,totalShotsFired,redShotsFired,blueShotsFired,targetsHit,targetsMissed,correctColorHits,wrongColorHits,redTargetsHit,blueTargetsHit,stabilityLostFromWalls,stabilityLostFromMissedTargets,stabilityRecoveredFromHits,wallContactTimeSeconds,lowestStability,finalStability,maxStability,depletionCount,totalDepletedTimeSeconds,targetsSeen,shotsMissed,shotAccuracyPercent,targetHitRatePercent,colorMatchRatePercent,scorePerMinute,wallContactPercentOfRun,stabilityDepletedAtLeastOnce,firstStabilityDepletionTimeSeconds,movementAnalytics.sampleIntervalSeconds,movementAnalytics.sampledDurationSeconds,movementAnalytics.sampleCount,movementAnalytics.headTotalDistance,movementAnalytics.headHorizontalDistance,movementAnalytics.headMaxSpeed,movementAnalytics.headTotalAngularDistance,movementAnalytics.headYawRange,movementAnalytics.headPitchRange,movementAnalytics.headRollRange,movementAnalytics.bodyHorizontalDistance,movementAnalytics.maxBodyOffsetFromStart,movementAnalytics.leftControllerDistance,movementAnalytics.rightControllerDistance,movementAnalytics.totalControllerDistance,movementAnalytics.leftControllerMaxSpeed,movementAnalytics.rightControllerMaxSpeed,tutorialAnalytics.completed,tutorialAnalytics.totalSeconds,tutorialAnalytics.targetStepSeconds,tutorialAnalytics.wallStepSeconds,tutorialAnalytics.targetPausedSeconds,tutorialAnalytics.wallPausedSeconds,postRunFeedback.difficultyRating,postRunFeedback.enjoymentRating,postRunFeedback.frustrationRating,postRunFeedback.motionSickness,postRunFeedback.completed,source_file,source_row,record_key,headset_from_source,run_id,headset_override,session_type,attempt_decision,manual_exclusion_reason,notes,headset_model,structurally_invalid,exclusion_reason,screening_status,strategy,experience_category,active_duration_s,wall_clock_duration_s,final_score,total_patterns_spawned,resolved_targets,normalized_target_score_pct,target_hit_rate_pct,shot_accuracy_pct,color_match_rate_pct,wall_contact_pct,zero_stability_pct,hard_expert_pattern_pct,horizontal_movement_m_per_min,pattern_very_easy_pct,pattern_easy_pct,pattern_medium_pct,pattern_hard_pct,pattern_expert_pct,maximum_scroll_speed_m_s,minimum_pattern_gap_m,difficulty_rating,enjoyment_rating,frustration_rating,difficulty_deviation,feedback_complete,motion_sickness_report
Some,1.3,P-20260719-073659-668AD606,R-20260719-073723-9A82FD86,True,1,PerformanceDda,16,1,2026-07-19T07:37:23.9881680Z,2026-07-19T07:40:54.0051310Z,210.017,4680,2,5.733,2.153,3,42,5,9,14,14,0,793,348,445,259,28,209,50,128,131,97.649,140.0,197.247,2.79,42.608,59.598,100,0,0.0,287,534,32.661,90.244,80.695,1337.035,1.328,False,-1.0,0.1,209.991,1845,50.896,43.597,1.377,3261.567,34.305,50.874,20.84,43.597,0.921,113.824,96.025,209.85,3.195,3.559,True,13.292,1.111,7.277,0.0,0.0,2,4,2,False,True,analytics_full_set1.json,2,analytics_full_set1.json:2,Unknown,R-20260719-073723-9A82FD86,Meta Quest 3,participant,auto,,,Meta Quest 3,False,included,included,Performance-Based DDA,Some,209.991,210.017,4680,42,287,81.53310104529616,90.2439024390244,32.66078184110971,80.6949806949807,1.3286283697872765,0.0,33.33333333333333,12.456819577981912,11.904761904761903,21.428571428571427,33.33333333333333,33.33333333333333,0.0,5.733,2.153,2,4,2,1,True,False
Some,1.3,P-20260719-074220-FC0DD36B,R-20260719-074245-6E61F985,True,1,SkillSplitDda,24,1,2026-07-19T07:42:45.0356430Z,2026-07-19T07:46:15.0524520Z,210.017,2850,2,5.5,2.2,3,41,3,30,1,7,0,330,170,160,150,124,135,15,81,69,187.741,50.452,140.0,13.982,0.0,1.806,100,35,76.998,274,180,45.455,54.745,90.0,814.221,6.658,True,24.389,0.1,209.994,1723,16.515,13.967,1.09,3598.793,619.728,106.754,578.886,13.967,0.738,40.564,43.644,84.209,1.668,1.914,True,13.298,3.175,5.164,0.0,0.0,3,3,2,False,True,analytics_full_set1.json,3,analytics_full_set1.json:3,Unknown,R-20260719-074245-6E61F985,Meta Quest 3,participant,auto,,,Meta Quest 3,False,included,included,Skill-Specific DDA,Some,209.994,210.017,2850,41,274,52.00729927007299,54.74452554744526,45.45454545454545,90.0,6.65828547482309,36.66676190748308,17.073170731707318,3.990685448155662,7.317073170731707,73.17073170731707,2.4390243902439024,17.073170731707318,0.0,5.5,2.2,3,3,2,0,True,False
None,1.3,P-20260719-084312-FBF69F3C,R-20260719-084336-9AD97336,True,1,PerformanceDda,17,0,2026-07-19T08:43:36.9823220Z,2026-07-19T08:47:06.9972390Z,210.015,4560,2,5.394,2.224,3,40,5,11,11,13,0,944,482,462,252,36,204,48,130,122,9.638,180.0,125.455,0.275,27.914,35.817,100,0,0.0,288,692,26.695,87.5,80.952,1302.765,0.131,False,-1.0,0.1,209.989,1842,44.327,34.398,1.62,1837.551,20.213,16.517,13.455,34.398,1.323,53.242,52.125,105.367,1.579,1.843,True,13.209,0.82,7.499,0.0,0.0,3,5,3,False,True,analytics_full_set1.json,5,analytics_full_set1.json:5,Unknown,R-20260719-084336-9AD97336,Meta Quest 3,participant,auto,,,Meta Quest 3,False,included,included,Performance-Based DDA,None,209.989,210.015,4560,40,288,79.16666666666666,87.5,26.69491525423729,80.95238095238095,0.13095924072213308,0.0,32.5,9.828514826967128,12.5,27.500000000000004,27.500000000000004,32.5,0.0,5.394,2.224,3,5,3,0,True,False
None,1.3,P-20260719-084853-9DD0AA57,R-20260719-084917-0433BF01,True,1,SkillSplitDda,18,0,2026-07-19T08:49:17.9958060Z,2026-07-19T08:52:48.0127520Z,210.017,4430,2,5.5,2.2,3,40,1,18,7,14,0,744,374,370,238,60,205,33,117,121,2.932,267.0,172.174,0.084,0.0,2.242,100,10,1.717,298,506,31.989,79.866,86.134,1265.613,0.04,True,199.992,0.1,209.99,1869,53.388,34.873,1.71,3310.53,51.274,38.213,28.487,34.873,1.536,96.955,96.688,193.643,2.556,2.928,True,13.347,3.238,5.139,0.0,0.0,3,4,1,False,True,analytics_full_set1.json,6,analytics_full_set1.json:6,Unknown,R-20260719-084917-0433BF01,Meta Quest 3,participant,auto,,,Meta Quest 3,False,included,included,Skill-Specific DDA,None,209.99,210.017,4430,40,298,74.32885906040269,79.86577181208054,31.989247311827956,86.1344537815126,0.04000190485261203,0.8176579837135103,35.0,9.964188770893852,2.5,45.0,17.5,35.0,0.0,5.5,2.2,3,4,1,0,True,False
None,1.3,P-20260719-085636-D5F25145,R-20260719-085701-11428E75,True,1,FixedTime,18,0,2026-07-19T08:57:01.8989340Z,2026-07-19T09:00:31.9136670Z,210.015,4340,2,5.5,2.2,3,42,4,12,13,10,3,819,423,396,249,37,185,64,130,119,72.118,160.328,132.446,2.333,0.0,0.0,100,3,2.236,286,570,30.403,87.063,74.297,1239.912,1.111,True,199.888,0.1,209.988,1864,50.354,38.438,1.585,2418.929,35.061,26.141,15.828,38.438,1.113,65.947,72.208,138.155,1.958,2.118,True,13.542,3.501,5.126,0.0,0.194,3,5,1,False,True,analytics_full_set1.json,7,analytics_full_set1.json:7,Unknown,R-20260719-085701-11428E75,Meta Quest 3,participant,auto,,,Meta Quest 3,False,included,included,Fixed Time-Based,None,209.988,210.015,4340,42,286,75.87412587412588,87.06293706293707,30.4029304029304,74.29718875502009,1.1110158675733852,1.064822751776292,30.952380952380953,10.982913309331963,9.523809523809524,28.57142857142857,30.952380952380953,23.809523809523807,7.142857142857142,5.5,2.2,3,5,1,0,True,False
Some,1.3,P-20260719-090217-45057288,R-20260719-090242-3BA5890E,True,1,PerformanceDda,17,1,2026-07-19T09:02:42.0827880Z,2026-07-19T09:06:12.1099350Z,210.027,4750,2,6.288,2.057,3,43,3,17,12,11,0,379,198,181,240,40,235,5,123,117,3.913,200.0,161.0,0.112,6.477,57.086,100,0,0.0,280,139,63.325,85.714,97.917,1356.966,0.053,False,-1.0,0.1,210.0,1886,40.698,30.126,1.968,3598.048,35.077,27.875,24.723,30.126,1.296,101.847,97.63,199.477,3.323,3.165,True,13.307,0.626,7.805,0.0,0.0,2,4,1,True,True,analytics_full_set1.json,8,analytics_full_set1.json:8,Unknown,R-20260719-090242-3BA5890E,Meta Quest 3,participant,auto,,,Meta Quest 3,False,included,included,Performance-Based DDA,Some,210.0,210.027,4750,43,280,84.82142857142857,85.71428571428571,63.3245382585752,97.91666666666666,0.05333333333333334,0.0,25.581395348837212,8.607428571428573,6.976744186046512,39.53488372093023,27.906976744186046,25.581395348837212,0.0,6.288,2.057,2,4,1,1,True,True
Some,1.3,P-20260719-090727-B21DF268,R-20260719-090751-C6AEDFB5,True,1,SkillSplitDda,17,1,2026-07-19T09:07:51.8605050Z,2026-07-19T09:11:24.2042940Z,212.344,3470,2,5.5,2.2,3,40,1,23,7,9,0,812,404,408,198,79,149,49,98,100,33.891,236.872,175.302,1.162,0.0,4.539,100,22,13.762,277,614,24.384,71.48,75.253,980.486,0.547,True,156.18,0.1,209.984,1854,55.643,38.632,15.315,2461.024,36.713,23.927,19.909,38.632,2.367,65.031,67.124,132.155,13.927,16.414,True,13.338,3.74,4.694,0.0,0.0,2,5,1,False,True,analytics_full_set1.json,9,analytics_full_set1.json:9,Unknown,R-20260719-090751-C6AEDFB5,Meta Quest 3,participant,auto,,,Meta Quest 3,False,included,included,Skill-Specific DDA,Some,209.984,212.344,3470,40,277,62.63537906137184,71.48014440433214,24.38423645320197,75.25252525252525,0.5533754952758305,6.55383267296556,22.5,11.038555318500455,2.5,57.49999999999999,17.5,22.5,0.0,5.5,2.2,2,5,1,1,True,False
High,1.3,P-20260719-091401-7E0AA6A6,R-20260719-091426-075509FD,True,1,FixedTime,17,2,2026-07-19T09:14:26.4295960Z,2026-07-19T09:17:56.4605610Z,210.031,3650,2,5.5,2.2,3,41,2,13,8,14,4,936,577,359,224,81,141,83,119,105,147.875,119.603,168.007,8.915,0.0,0.529,100,84,20.294,305,712,23.932,73.443,62.946,1042.702,4.245,True,143.792,0.1,209.992,1855,33.333,28.209,1.576,3692.43,74.807,68.786,53.467,28.209,0.983,67.632,89.362,156.993,3.302,3.52,True,13.305,3.78,4.609,0.0,0.0,4,4,2,False,True,analytics_full_set1.json,10,analytics_full_set1.json:10,Unknown,R-20260719-091426-075509FD,Meta Quest 3,participant,auto,,,Meta Quest 3,False,included,included,Fixed Time-Based,High,209.992,210.031,3650,41,305,59.83606557377049,73.44262295081967,23.931623931623932,62.94642857142857,4.2453998247552285,9.664177682959352,43.90243902439025,8.060021334146063,4.878048780487805,31.70731707317073,19.51219512195122,34.146341463414636,9.75609756097561,5.5,2.2,4,4,2,1,True,False
None,1.3,P-20260719-092014-60239653,R-20260719-092039-C2ECB570,True,1,PerformanceDda,16,0,2026-07-19T09:20:39.1030710Z,2026-07-19T09:24:14.8401990Z,215.737,2470,2,4.514,2.425,3,29,8,13,8,0,0,506,286,220,134,25,113,21,70,64,203.0,28.0,131.0,9.945,0.0,0.0,100,21,25.928,159,372,26.482,84.277,84.328,686.948,4.61,True,65.82,0.1,209.989,1872,24.289,20.967,14.334,2775.71,206.471,26.73,14.502,20.967,2.733,47.357,46.903,94.259,12.283,11.413,True,13.298,3.941,4.468,0.0,0.0,3,4,1,False,True,analytics_full_set1.json,11,analytics_full_set1.json:11,Unknown,R-20260719-092039-C2ECB570,Meta Quest 3,participant,auto,,,Meta Quest 3,False,included,included,Performance-Based DDA,None,209.989,215.737,2470,29,159,77.67295597484278,84.27672955974843,26.48221343873518,84.32835820895522,4.735962359933139,12.347313430703514,0.0,5.990885236845739,27.586206896551722,44.827586206896555,27.586206896551722,0.0,0.0,4.514,2.425,3,4,1,0,True,False
None,1.3,P-20260803-131053-D2ACFBC4,R-20260803-131118-25C444A0,True,1,SkillSplitDda,19,0,2026-08-03T13:11:18.2028750Z,2026-08-03T13:14:48.2091720Z,210.006,4750,2,5.5,2.2,3,41,2,19,6,13,1,835,355,480,272,14,203,69,137,135,191.631,70.0,198.828,5.475,36.882,37.197,100,0,0.0,286,563,32.575,95.105,74.632,1357.102,2.607,False,-1.0,0.1,209.989,1851,43.127,39.152,0.909,3943.264,101.772,75.296,30.386,39.152,1.269,67.68,55.215,122.895,2.504,4.004,True,13.237,1.916,6.403,0.0,0.0,3,4,2,False,True,analytics_full_set1.json,12,analytics_full_set1.json:12,Unknown,R-20260803-131118-25C444A0,Meta Quest 3,participant,auto,,,Meta Quest 3,False,included,included,Skill-Specific DDA,None,209.989,210.006,4750,41,286,83.04195804195804,95.1048951048951,32.5748502994012,74.63235294117648,2.607279428922467,0.0,34.146341463414636,11.186871693279173,4.878048780487805,46.34146341463415,14.634146341463413,31.70731707317073,2.4390243902439024,5.5,2.2,3,4,2,0,True,False
Some,1.3,P-20260803-202857-FC3EDE03,R-20260803-202931-74AE8E33,True,1,PerformanceDda,22,1,2026-08-03T20:29:31.9893510Z,2026-08-03T20:33:02.0065850Z,210.017,5230,2,5.696,2.161,3,42,5,9,14,14,0,1132,552,580,298,17,225,73,150,148,45.565,85.0,120.565,1.302,72.803,90.0,100,0,0.0,315,834,26.325,94.603,75.503,1494.164,0.62,False,-1.0,0.1,209.991,1850,42.607,40.207,4.75,2966.551,61.313,67.05,20.757,40.207,1.063,83.983,78.046,162.028,4.874,4.708,True,23.028,1.654,16.401,0.0,9.734,2,5,1,False,True,analytics_full_set1.json,13,analytics_full_set1.json:13,Unknown,R-20260803-202931-74AE8E33,Meta Quest 3,participant,auto,,,Meta Quest 3,False,included,included,Performance-Based DDA,Some,209.991,210.017,5230,42,315,83.01587301587303,94.6031746031746,26.325088339222614,75.50335570469798,0.6200265725673958,0.0,33.33333333333333,11.488206637427318,11.904761904761903,21.428571428571427,33.33333333333333,33.33333333333333,0.0,5.696,2.161,2,5,1,1,True,False
Some,1.3,P-20260803-203327-2416A925,R-20260803-203352-78E56646,True,1,SkillSplitDda,23,1,2026-08-03T20:33:52.6562750Z,2026-08-03T20:37:22.6740780Z,210.018,4960,2,5.5,2.2,3,41,3,15,9,11,3,1237,595,642,295,14,201,94,151,144,53.86,70.0,95.041,1.539,64.181,71.181,100,0,0.0,309,942,23.848,95.469,68.136,1417.023,0.733,False,-1.0,0.1,209.991,1841,42.163,35.946,1.332,2242.832,40.042,39.383,12.042,35.946,1.102,66.91,60.725,127.635,3.288,2.791,True,13.292,1.616,6.733,0.0,0.0,2,4,1,False,True,analytics_full_set1.json,14,analytics_full_set1.json:14,Unknown,R-20260803-203352-78E56646,Meta Quest 3,participant,auto,,,Meta Quest 3,False,included,included,Skill-Specific DDA,Some,209.991,210.018,4960,41,309,80.2588996763754,95.46925566343042,23.848019401778497,68.13559322033899,0.7328885523665298,0.0,34.146341463414636,10.270725888252352,7.317073170731707,36.58536585365854,21.951219512195124,26.82926829268293,7.317073170731707,5.5,2.2,2,4,1,1,True,False
None,1.3,P-20260803-203751-E6C0090B,R-20260803-203819-9150C5FD,True,1,FixedTime,19,0,2026-08-03T20:38:19.5713240Z,2026-08-03T20:41:49.5783910Z,210.007,4740,2,5.5,2.2,3,42,4,13,6,14,5,1400,698,702,287,19,187,100,144,143,322.568,41.182,263.75,11.667,0.0,0.0,100,37,5.743,306,1113,20.5,93.791,65.157,1354.24,5.555,True,193.843,0.1,209.977,1831,28.863,28.357,0.902,1629.041,33.938,36.018,18.046,28.357,0.695,37.063,34.329,71.392,1.735,2.431,True,16.167,1.198,10.05,0.0,2.916,3,3,3,True,True,analytics_full_set1.json,15,analytics_full_set1.json:15,Unknown,R-20260803-203819-9150C5FD,Meta Quest 3,participant,auto,,,Meta Quest 3,False,included,included,Fixed Time-Based,None,209.977,210.007,4740,42,306,77.45098039215686,93.79084967320262,20.5,65.1567944250871,5.556322835358158,2.7350614591121887,45.23809523809524,8.102887459102664,9.523809523809524,30.952380952380953,14.285714285714285,33.33333333333333,11.904761904761903,5.5,2.2,3,3,3,0,True,True
High,1.3,P-20260803-204241-8C9922A3,R-20260803-204306-D213B70C,True,1,PerformanceDda,24,2,2026-08-03T20:43:06.8029010Z,2026-08-03T20:46:36.8039440Z,210.001,5740,2,6.909,1.92,3,47,4,12,13,15,3,868,408,460,321,42,253,68,165,156,28.237,200.076,189.313,1.059,0.0,61.0,100,5,1.044,363,547,36.982,88.43,78.816,1639.992,0.504,True,171.831,0.1,209.974,1881,50.863,44.526,1.253,2800.603,30.757,35.3,11.33,44.526,1.076,118.467,105.333,223.8,3.782,3.332,True,13.996,1.802,7.303,0.0,0.75,1,5,1,False,True,analytics_full_set1.json,16,analytics_full_set1.json:16,Unknown,R-20260803-204306-D213B70C,Meta Quest 3,participant,auto,,,Meta Quest 3,False,included,included,Performance-Based DDA,High,209.974,210.001,5740,47,363,79.06336088154269,88.42975206611571,36.9815668202765,78.81619937694704,0.5043481573909151,0.4972044157848115,38.297872340425535,12.72328955013478,8.51063829787234,25.53191489361702,27.659574468085108,31.914893617021278,6.382978723404255,6.909,1.92,1,5,1,2,True,False
Some,1.3,P-20260803-204737-AB92EE5F,R-20260803-204802-7FB9A22F,True,1,SkillSplitDda,21,1,2026-08-03T20:48:02.2279520Z,2026-08-03T20:51:32.2437140Z,210.016,4960,2,5.5,2.2,3,41,5,18,4,13,1,1372,719,653,290,5,206,84,150,140,266.107,25.0,199.807,7.603,6.486,8.699,100,0,0.0,295,1082,21.137,98.305,71.034,1417.036,3.62,False,-1.0,0.1,209.989,1773,27.176,26.216,0.952,1520.583,22.844,39.98,22.07,26.216,0.817,36.875,31.693,68.568,3.165,3.472,True,13.39,1.238,7.165,0.0,0.083,2,2,2,False,True,analytics_full_set1.json,17,analytics_full_set1.json:17,Unknown,R-20260803-204802-7FB9A22F,Meta Quest 3,participant,auto,,,Meta Quest 3,False,included,included,Skill-Specific DDA,Some,209.989,210.016,4960,41,295,84.06779661016948,98.30508474576271,21.137026239067055,71.03448275862068,3.620665844401373,0.0,34.146341463414636,7.490678083137688,12.195121951219512,43.90243902439025,9.75609756097561,31.70731707317073,2.4390243902439024,5.5,2.2,2,2,2,1,True,False
None,1.3,P-20260803-205159-7557146F,R-20260803-205226-5A31D015,True,1,FixedTime,20,0,2026-08-03T20:52:26.6278070Z,2026-08-03T20:55:56.6622840Z,210.035,4900,2,5.5,2.2,3,40,0,11,10,13,6,1156,592,564,294,41,196,98,153,141,293.18,92.82,287.0,13.975,0.0,1.0,100,82,13.511,335,862,25.433,87.761,66.667,1399.77,6.654,True,29.628,0.1,209.991,1839,19.765,19.009,0.665,3296.634,205.729,59.819,14.953,19.009,0.754,34.054,37.878,71.933,2.023,3.262,True,15.587,2.089,8.554,0.0,2.231,3,3,3,False,True,analytics_full_set1.json,18,analytics_full_set1.json:18,Unknown,R-20260803-205226-5A31D015,Meta Quest 3,participant,auto,,,Meta Quest 3,False,included,included,Fixed Time-Based,None,209.991,210.035,4900,40,335,73.13432835820896,87.76119402985074,25.432525951557096,66.66666666666666,6.655047121067092,6.434085270321107,47.5,5.431375630384158,0.0,27.500000000000004,25.0,32.5,15.0,5.5,2.2,3,3,3,0,True,False
Some,1.3,P-20260804-075659-B3AAD3E3,R-20260804-075724-00D9EA4C,True,1,PerformanceDda,26,1,2026-08-04T07:57:24.4648220Z,2026-08-04T08:00:54.8752900Z,210.41,4720,2,6.387,2.023,3,40,2,14,12,11,1,316,168,148,239,40,233,6,127,112,131.029,200.0,233.983,3.744,2.954,2.954,100,0,0.0,279,77,75.633,85.663,97.49,1345.941,1.779,False,-1.0,0.1,209.982,1859,53.454,43.898,1.415,3531.667,58.691,55.333,21.36,43.898,1.165,122.513,120.853,243.365,3.918,3.873,True,13.252,2.572,5.861,0.0,0.0,3,5,3,True,True,analytics_full_set1.json,19,analytics_full_set1.json:19,Unknown,R-20260804-075724-00D9EA4C,Meta Quest 3,participant,auto,,,Meta Quest 3,False,included,included,Performance-Based DDA,Some,209.982,210.41,4720,40,279,84.58781362007169,85.66308243727599,75.63291139240506,97.48953974895397,1.7830099722833386,0.0,30.0,12.543360859502243,5.0,35.0,30.0,27.500000000000004,2.5,6.387,2.023,3,5,3,0,True,True
Some,1.3,P-20260804-080225-EBDEEAB4,R-20260804-080250-4C74E07B,True,1,SkillSplitDda,22,1,2026-08-04T08:02:50.0503990Z,2026-08-04T08:06:20.0502600Z,210.0,4990,2,5.5,2.2,3,40,2,20,4,11,3,326,177,149,254,57,245,9,133,121,61.247,200.649,164.0,3.986,0.0,2.104,100,31,6.132,311,72,77.914,81.672,96.457,1425.715,1.898,True,184.028,0.1,209.973,1889,42.614,32.727,1.31,3445.541,134.915,49.973,31.253,32.727,1.099,103.362,99.116,202.478,4.616,3.85,True,13.432,3.5,5.134,0.0,0.0,4,5,5,False,True,analytics_full_set1.json,20,analytics_full_set1.json:20,Unknown,R-20260804-080250-4C74E07B,Meta Quest 3,participant,auto,,,Meta Quest 3,False,included,included,Skill-Specific DDA,Some,209.973,210.0,4990,40,311,80.22508038585208,81.67202572347267,77.91411042944786,96.45669291338582,1.8983393102922754,2.9203754768470227,35.0,9.351773799488504,5.0,50.0,10.0,27.500000000000004,7.5,5.5,2.2,4,5,5,1,True,False
Some,1.3,P-20260719-084322-D06B3C4E,R-20260719-084347-6A9321AA,True,1,PerformanceDda,17,1,2026-07-19T08:43:47.3805090Z,2026-07-19T08:47:17.3714150Z,209.991,4680,2,6.165,2.084,3,42,4,17,8,13,0,356,176,180,243,50,225,18,128,115,43.044,208.8,181.062,1.257,0.0,29.218,100,6,3.466,293,113,68.258,82.935,92.593,1337.201,0.598,True,136.694,0.1,209.976,1931,59.584,41.458,2.241,4276.612,52.583,66.466,19.141,41.458,1.579,146.835,125.696,272.531,4.462,4.78,True,13.229,1.465,6.918,0.0,0.0,3,5,1,False,True,analytics_full_set1.json,21,analytics_full_set1.json:21,Unknown,R-20260719-084347-6A9321AA,Meta Quest 3,participant,auto,,,Meta Quest 3,False,included,included,Performance-Based DDA,Some,209.976,209.991,4680,42,293,79.86348122866895,82.93515358361775,68.25842696629213,92.5925925925926,0.5986398445536633,1.6506648378862347,30.952380952380953,11.846496742484854,9.523809523809524,40.476190476190474,19.047619047619047,30.952380952380953,0.0,6.165,2.084,3,5,1,0,True,False
Some,1.3,P-20260719-085046-EC540EEA,R-20260719-085111-17A32D03,True,1,SkillSplitDda,18,1,2026-07-19T08:51:11.0297190Z,2026-07-19T08:54:41.0406970Z,210.011,4070,2,5.5,2.2,3,40,4,23,3,10,0,631,312,319,230,50,177,53,118,112,80.321,213.076,198.123,2.295,0.0,4.727,100,11,4.046,280,401,36.45,82.143,76.957,1162.796,1.093,True,154.099,0.1,209.956,1820,51.047,42.951,1.441,3546.986,134.004,34.783,35.636,42.951,1.695,65.573,68.213,133.786,1.834,1.819,True,13.425,2.807,5.668,0.0,0.0,3,5,3,False,True,analytics_full_set1.json,22,analytics_full_set1.json:22,Unknown,R-20260719-085111-17A32D03,Meta Quest 3,participant,auto,,,Meta Quest 3,False,included,included,Skill-Specific DDA,Some,209.956,210.011,4070,40,280,72.67857142857143,82.14285714285714,36.450079239302696,76.95652173913044,1.0930861704357104,1.9270704338051785,25.0,12.274286040884757,10.0,57.49999999999999,7.5,25.0,0.0,5.5,2.2,3,5,3,0,True,False
None,1.3,P-20260719-085720-059706F9,R-20260719-085745-B9C21BFE,True,1,FixedTime,18,0,2026-07-19T08:57:45.5817730Z,2026-07-19T09:01:15.6062190Z,210.024,5420,2,5.5,2.2,3,40,3,13,5,14,5,776,423,353,288,35,254,34,151,137,61.011,175.0,156.469,1.743,17.56,20.458,100,0,0.0,323,488,37.113,89.164,88.194,1548.391,0.83,False,-1.0,0.1,209.998,1876,53.423,45.024,1.621,3469.484,95.206,32.927,56.944,45.024,1.226,85.534,80.553,166.087,2.529,2.884,True,13.335,2.492,5.867,0.0,0.0,2,4,1,False,True,analytics_full_set1.json,23,analytics_full_set1.json:23,Unknown,R-20260719-085745-B9C21BFE,Meta Quest 3,participant,auto,,,Meta Quest 3,False,included,included,Fixed Time-Based,None,209.998,210.024,5420,40,323,83.90092879256966,89.1640866873065,37.11340206185567,88.19444444444444,0.830007904837189,0.0,47.5,12.864122515452529,7.5,32.5,12.5,35.0,12.5,5.5,2.2,2,4,1,1,True,False
Some,1.3,P-20260719-090744-2DFC2D14,R-20260719-091012-4EAD5CB0,True,1,SkillSplitDda,17,1,2026-07-19T09:10:12.6750260Z,2026-07-19T09:13:42.7015130Z,210.026,4730,2,5.5,2.2,3,41,2,21,5,12,1,485,309,176,254,39,219,35,142,112,49.961,177.039,135.0,1.691,0.0,8.0,100,8,0.699,293,231,52.371,86.689,86.22,1351.258,0.805,True,198.104,0.1,210.0,1906,38.904,31.427,1.288,1946.319,27.594,20.544,17.518,31.427,1.408,58.091,59.992,118.083,1.962,2.475,True,135.366,126.753,3.709,122.092,0.0,3,5,2,False,True,analytics_full_set1.json,25,analytics_full_set1.json:25,Unknown,R-20260719-091012-4EAD5CB0,Meta Quest 3,participant,auto,,,Meta Quest 3,False,included,included,Skill-Specific DDA,Some,210.0,210.026,4730,41,293,80.71672354948805,86.68941979522185,52.37113402061856,86.22047244094489,0.8052380952380953,0.33285714285714285,31.70731707317073,8.979142857142858,4.878048780487805,51.21951219512195,12.195121951219512,29.268292682926827,2.4390243902439024,5.5,2.2,3,5,2,0,True,False
None,1.3,P-20260719-091558-73E68AA2,R-20260719-091622-92127A6F,True,1,FixedTime,18,0,2026-07-19T09:16:22.8865460Z,2026-07-19T09:19:57.7094050Z,214.823,4740,2,5.5,2.2,3,41,3,12,12,11,3,1313,702,611,268,46,206,62,127,141,56.799,223.0,179.799,1.667,0.0,0.0,100,4,0.729,314,1045,20.411,85.35,76.866,1323.882,0.776,True,206.698,0.1,209.962,1807,53.323,42.561,5.539,3060.974,37.995,28.602,16.014,42.561,1.712,95.762,107.099,202.861,6.5,5.623,True,13.261,2.55,5.766,0.0,0.0,3,4,2,False,True,analytics_full_set1.json,26,analytics_full_set1.json:26,Unknown,R-20260719-091622-92127A6F,Meta Quest 3,participant,auto,,,Meta Quest 3,False,included,included,Fixed Time-Based,None,209.962,214.823,4740,41,314,75.47770700636943,85.35031847133759,20.41127189642041,76.86567164179104,0.793953191529896,0.34720568483820885,34.146341463414636,12.162486545184368,7.317073170731707,29.268292682926827,29.268292682926827,26.82926829268293,7.317073170731707,5.5,2.2,3,4,2,0,True,False
None,1.3,P-20260719-092303-0D87983F,R-20260719-092328-65D9D1AB,True,1,PerformanceDda,16,0,2026-07-19T09:23:28.1809840Z,2026-07-19T09:26:58.1909070Z,210.01,3750,2,5.327,2.264,3,37,6,21,3,7,0,352,164,188,190,24,185,5,97,93,154.913,110.0,166.913,5.242,0.0,2.0,100,10,8.472,214,162,53.977,88.785,97.368,1071.377,2.496,True,135.567,0.1,209.981,1918,39.044,32.346,1.098,4073.395,75.359,41.927,23.7,32.346,0.987,87.769,88.693,176.462,3.045,2.32,True,13.299,2.926,5.395,0.0,0.0,1,3,1,False,True,analytics_full_set1.json,27,analytics_full_set1.json:27,Unknown,R-20260719-092328-65D9D1AB,Meta Quest 3,participant,auto,,,Meta Quest 3,False,included,included,Performance-Based DDA,None,209.981,210.01,3750,37,214,87.61682242990653,88.78504672897196,53.97727272727273,97.36842105263158,2.4964163424309818,4.034650754115848,18.91891891891892,9.2425505164753,16.216216216216218,56.75675675675676,8.108108108108109,18.91891891891892,0.0,5.327,2.264,1,3,1,2,True,False
None,1.3,P-20260719-092947-41190A90,R-20260719-093012-4EB0A2D2,True,1,SkillSplitDda,18,0,2026-07-19T09:30:12.3616150Z,2026-07-19T09:33:42.3888540Z,210.027,4720,2,5.5,2.2,3,40,4,17,7,12,0,838,445,393,250,48,222,28,134,116,14.311,208.689,124.887,0.47,0.0,1.887,100,9,2.986,298,588,29.833,83.893,88.8,1348.396,0.224,True,189.22,0.1,210.0,1866,35.229,25.095,1.337,2196.002,24.156,23.66,10.795,25.095,1.477,42.76,45.742,88.502,1.241,1.271,True,13.295,3.159,5.215,0.0,0.0,3,3,2,True,True,analytics_full_set1.json,28,analytics_full_set1.json:28,Unknown,R-20260719-093012-4EB0A2D2,Meta Quest 3,participant,auto,,,Meta Quest 3,False,included,included,Skill-Specific DDA,None,210.0,210.027,4720,40,298,79.19463087248322,83.89261744966443,29.832935560859188,88.8,0.2238095238095238,1.421904761904762,30.0,7.17,10.0,42.5,17.5,30.0,0.0,5.5,2.2,3,3,2,0,True,True
High,1.3,P-20260804-072839-B2918B40,R-20260804-072904-22984449,True,1,FixedTime,21,2,2026-08-04T07:29:04.6018970Z,2026-08-04T07:32:34.6229590Z,210.021,4800,2,5.5,2.2,3,42,4,11,11,9,7,367,196,171,244,85,236,8,137,107,37.827,191.0,128.827,4.144,0.0,0.0,100,33,14.971,329,123,66.485,74.164,96.721,1371.292,1.973,True,179.692,0.1,209.992,1952,44.608,37.576,1.768,3337.118,48.694,43.999,17.398,37.576,1.079,103.269,105.846,209.115,4.417,3.338,True,13.352,2.771,5.696,0.0,0.0,5,4,3,True,True,analytics_full_set1.json,29,analytics_full_set1.json:29,Unknown,R-20260804-072904-22984449,Meta Quest 3,participant,auto,,,Meta Quest 3,False,included,included,Fixed Time-Based,High,209.992,210.021,4800,42,329,72.94832826747721,74.16413373860182,66.4850136239782,96.72131147540983,1.9734085108004114,7.129319212160463,38.095238095238095,10.736409006057373,9.523809523809524,26.190476190476193,26.190476190476193,21.428571428571427,16.666666666666664,5.5,2.2,5,4,3,2,True,True
None,1.3,P-20260804-075026-91F26137,R-20260804-075051-71E20E02,True,1,PerformanceDda,19,0,2026-08-04T07:50:51.4978510Z,2026-08-04T07:54:21.5210790Z,210.023,5480,2,6.85,1.933,3,49,2,20,12,14,1,388,203,185,279,63,269,10,145,134,21.847,276.304,204.718,1.12,0.0,6.568,100,5,2.986,342,109,71.907,81.579,96.416,1565.541,0.533,True,165.326,0.1,209.991,1959,54.044,46.482,1.389,3634.504,37.325,33.773,42.15,46.482,1.179,129.3,122.433,251.733,4.983,4.063,True,13.328,2.715,5.708,0.0,0.0,3,5,2,False,True,analytics_full_set1.json,30,analytics_full_set1.json:30,Unknown,R-20260804-075051-71E20E02,Meta Quest 3,participant,auto,,,Meta Quest 3,False,included,included,Performance-Based DDA,None,209.991,210.023,5480,49,342,80.11695906432749,81.57894736842105,71.90721649484536,96.415770609319,0.5333561914558244,1.4219657032920459,30.612244897959183,13.281140620312296,4.081632653061225,40.816326530612244,24.489795918367346,28.57142857142857,2.0408163265306123,6.85,1.933,3,5,2,0,True,False
Some,1.3,P-20260804-075652-3C847288,R-20260804-075716-FEF7CC7F,True,1,SkillSplitDda,21,1,2026-08-04T07:57:16.9171120Z,2026-08-04T08:00:46.9310450Z,210.014,4720,2,5.5,2.2,3,41,10,22,2,6,1,1191,586,605,263,4,209,54,135,128,346.07,11.631,258.0,16.323,0.0,0.299,100,48,13.435,267,928,22.082,98.502,79.468,1348.482,7.772,True,17.838,0.1,209.984,1891,12.16,11.689,0.743,1645.178,40.781,31.916,29.246,11.689,0.404,18.915,14.068,32.983,1.001,0.829,True,13.332,1.489,6.905,0.0,0.0,3,4,3,False,True,analytics_full_set1.json,31,analytics_full_set1.json:31,Unknown,R-20260804-075716-FEF7CC7F,Meta Quest 3,participant,auto,,,Meta Quest 3,False,included,included,Skill-Specific DDA,Some,209.984,210.014,4720,41,267,88.38951310861424,98.50187265917603,22.08228379513014,79.46768060836501,7.773449405669003,6.398106522401707,17.073170731707318,3.339968759524535,24.390243902439025,53.65853658536586,4.878048780487805,14.634146341463413,2.4390243902439024,5.5,2.2,3,4,3,0,True,False
